Number,Plant,Wt,Block,bact.trt,host.trt,species,n.strains,nodulation,treat.no
2,A,6.38,A,1,sal,sal,1,5,1
2,B,2.23,A,1,sal,sal,1,5,1
2,A,1.88,B,1,sal,sal,1,4,1
2,B,0.17,B,1,sal,sal,1,1,1
2,A,3.08,C,1,sal,sal,1,5,1
2,B,4.65,C,1,sal,sal,1,5,1
2,A,4.58,D,1,sal,sal,1,5,1
2,B,5.56,D,1,sal,sal,1,5,1
2,A,2.09,E,1,sal,sal,1,5,1
2,B,2.91,E,1,sal,sal,1,5,1
2,A,6.09,F,1,sal,sal,1,5,1
2,B,4.18,F,1,sal,sal,1,4,1
5,A,1.87,A,2,sal,sal,1,5,2
5,B,3.18,A,2,sal,sal,1,5,2
5,A,1.86,B,2,sal,sal,1,5,2
5,B,3.6,B,2,sal,sal,1,5,2
5,A,0.43,C,2,sal,sal,1,3,2
5,B,2.84,C,2,sal,sal,1,5,2
5,A,4.53,D,2,sal,sal,1,5,2
5,B,4.7,D,2,sal,sal,1,5,2
5,A,0.2,E,2,sal,sal,1,2,2
5,B,2.5,E,2,sal,sal,1,5,2
5,A,3.7,F,2,sal,sal,1,5,2
5,B,5.55,F,2,sal,sal,1,5,2
8,A,3.35,A,3,sal,sal,1,4,3
8,B,9.64,A,3,sal,sal,1,5,3
8,A,4.53,B,3,sal,sal,1,4,3
8,B,5.39,B,3,sal,sal,1,5,3
8,A,4.95,C,3,sal,sal,1,4,3
8,B,4.94,C,3,sal,sal,1,4,3
8,A,3.22,D,3,sal,sal,1,5,3
8,B,5.09,D,3,sal,sal,1,5,3
8,A,5.55,E,3,sal,sal,1,5,3
8,B,5.78,E,3,sal,sal,1,4,3
8,A,7.42,F,3,sal,sal,1,5,3
8,B,4.8,F,3,sal,sal,1,5,3
11,A,0.08,A,4,sal,sal,1,1,4
11,B,0.08,A,4,sal,sal,1,0,4
11,A,0.08,B,4,sal,sal,1,0,4
11,B,0.06,B,4,sal,sal,1,0,4
11,A,0.09,C,4,sal,sal,1,0,4
11,B,0.08,C,4,sal,sal,1,0,4
11,A,0.06,D,4,sal,sal,1,0,4
11,B,0.09,D,4,sal,sal,1,0,4
11,A,0.05,E,4,sal,sal,1,1,4
11,B,0.09,E,4,sal,sal,1,0,4
11,A,0.09,F,4,sal,sal,1,0,4
11,B,0.1,F,4,sal,sal,1,0,4
14,A,0.08,A,5,sal,sal,1,1,5
14,B,0.06,A,5,sal,sal,1,1,5
14,A,0.06,B,5,sal,sal,1,1,5
14,B,0.06,B,5,sal,sal,1,1,5
14,A,0.0566,C,5,sal,sal,1,1,5
14,B,0.0643,C,5,sal,sal,1,3,5
14,A,0.07,D,5,sal,sal,1,0,5
14,B,0.05,D,5,sal,sal,1,2,5
14,A,0.12,E,5,sal,sal,1,1,5
14,B,0.05,E,5,sal,sal,1,0,5
14,A,0.05,F,5,sal,sal,1,1,5
14,B,0.07,F,5,sal,sal,1,0,5
17,A,0.1,A,6,sal,sal,1,0,6
17,B,0.1,A,6,sal,sal,1,0,6
17,A,0.0375,B,6,sal,sal,1,0,6
17,B,0.68,B,6,sal,sal,1,3,6
17,A,0.11,C,6,sal,sal,1,0,6
17,B,0.08,C,6,sal,sal,1,0,6
17,A,0.12,D,6,sal,sal,1,0,6
17,B,0.09,D,6,sal,sal,1,0,6
17,A,0.17,E,6,sal,sal,1,0,6
17,B,0.03,E,6,sal,sal,1,0,6
17,A,0.02,F,6,sal,sal,1,0,6
17,B,0.07,F,6,sal,sal,1,2,6
20,A,0.1,A,7,sal,sal,1,0,7
20,B,0.1,A,7,sal,sal,1,0,7
20,A,0.08,B,7,sal,sal,1,0,7
20,B,0.09,B,7,sal,sal,1,0,7
20,A,0.0825,C,7,sal,sal,1,0,7
20,B,0.0586,C,7,sal,sal,1,0,7
20,A,0.08,D,7,sal,sal,1,1,7
20,B,0.1,D,7,sal,sal,1,1,7
20,A,0.2,E,7,sal,sal,1,0,7
20,B,0.09,E,7,sal,sal,1,0,7
20,A,0.13,F,7,sal,sal,1,0,7
20,B,0.02,F,7,sal,sal,1,0,7
23,A,0.11,A,8,sal,sal,1,0,8
23,B,0.08,A,8,sal,sal,1,0,8
23,A,0.07,B,8,sal,sal,1,0,8
23,B,0.07,B,8,sal,sal,1,0,8
23,A,0.0355,C,8,sal,sal,1,0,8
23,B,0.07,C,8,sal,sal,1,0,8
23,A,0.0606,D,8,sal,sal,1,0,8
23,B,0.04,D,8,sal,sal,1,0,8
23,A,0.06,E,8,sal,sal,1,0,8
23,B,0.11,E,8,sal,sal,1,0,8
23,A,0.08,F,8,sal,sal,1,1,8
23,B,0.12,F,8,sal,sal,1,1,8
26,A,1.4,A,9,sal,sal,1,3,9
26,B,1.26,A,9,sal,sal,1,3,9
26,A,3.32,B,9,sal,sal,1,4,9
26,B,1.72,B,9,sal,sal,1,4,9
26,A,3.2,C,9,sal,sal,1,2,9
26,B,0.67,C,9,sal,sal,1,2,9
26,A,3.77,D,9,sal,sal,1,5,9
26,B,2.61,D,9,sal,sal,1,4,9
26,A,1.33,E,9,sal,sal,1,4,9
26,B,2.87,E,9,sal,sal,1,5,9
26,A,3.12,F,9,sal,sal,1,5,9
26,B,2.33,F,9,sal,sal,1,4,9
29,A,NA,A,10,sal,sal,1,0,10
29,B,0.37,A,10,sal,sal,1,1,10
29,A,0.12,B,10,sal,sal,1,0,10
29,B,0.01,B,10,sal,sal,1,0,10
29,A,0.02,C,10,sal,sal,1,0,10
29,B,0.02,C,10,sal,sal,1,0,10
29,A,0.06,D,10,sal,sal,1,0,10
29,B,0.07,D,10,sal,sal,1,0,10
29,A,0.07,E,10,sal,sal,1,0,10
29,B,0.06,E,10,sal,sal,1,0,10
29,A,0.07,F,10,sal,sal,1,0,10
29,B,0.02,F,10,sal,sal,1,0,10
32,A,0.11,A,11,sal,sal,1,0,11
32,B,0.11,A,11,sal,sal,1,0,11
32,A,0.08,B,11,sal,sal,1,0,11
32,B,0.0678,B,11,sal,sal,1,0,11
32,A,0.06,C,11,sal,sal,1,0,11
32,B,0.07,C,11,sal,sal,1,0,11
32,A,0.0694,D,11,sal,sal,1,0,11
32,B,0.1,D,11,sal,sal,1,0,11
32,A,0.12,E,11,sal,sal,1,0,11
32,B,0.05,E,11,sal,sal,1,0,11
32,A,0.08,F,11,sal,sal,1,0,11
32,B,0.1,F,11,sal,sal,1,0,11
35,A,2.42,A,12,sal,sal,1,5,12
35,B,2.5,A,12,sal,sal,1,4,12
35,A,3.29,B,12,sal,sal,1,3,12
35,B,3.18,B,12,sal,sal,1,5,12
34,A,2.94,C,12,sal,sal,1,4,12
35,B,3.14,C,12,sal,sal,1,5,12
35,A,2.7,D,12,sal,sal,1,5,12
35,B,3.54,D,12,sal,sal,1,4,12
35,A,1.73,E,12,sal,sal,1,3,12
35,B,1.7,E,12,sal,sal,1,4,12
35,A,2.47,F,12,sal,sal,1,5,12
35,B,1.7,F,12,sal,sal,1,4,12
38,A,0.17,A,13,sal,sal,1,1,13
38,B,0.12,A,13,sal,sal,1,1,13
38,A,2.64,B,13,sal,sal,1,4,13
38,B,0.22,B,13,sal,sal,1,2,13
37,A,0.14,C,13,sal,sal,1,0,13
38,B,0.05,C,13,sal,sal,1,1,13
38,A,3.5,D,13,sal,sal,1,5,13
38,B,1,D,13,sal,sal,1,3,13
38,A,0.1,E,13,sal,sal,1,0,13
38,B,0.11,E,13,sal,sal,1,0,13
38,A,0.12,F,13,sal,sal,1,0,13
38,B,0.25,F,13,sal,sal,1,2,13
41,A,4.27,A,14,sal,sal,1,5,14
41,B,4.53,A,14,sal,sal,1,5,14
41,A,3.51,B,14,sal,sal,1,5,14
41,B,2.8,B,14,sal,sal,1,5,14
40,A,4.83,C,14,sal,sal,1,5,14
41,B,4.1,C,14,sal,sal,1,5,14
41,A,2.94,D,14,sal,sal,1,4,14
41,B,4.77,D,14,sal,sal,1,5,14
41,A,3.95,E,14,sal,sal,1,4,14
41,B,6.57,E,14,sal,sal,1,5,14
41,A,2.13,F,14,sal,sal,1,5,14
41,B,3.51,F,14,sal,sal,1,5,14
44,A,0.12,A,15,sal,sal,1,0,15
44,B,0.75,A,15,sal,sal,1,3,15
44,A,0.09,B,15,sal,sal,1,0,15
44,B,0.06,B,15,sal,sal,1,0,15
43,A,0.12,C,15,sal,sal,1,0,15
44,B,0.08,C,15,sal,sal,1,0,15
44,A,0.07,D,15,sal,sal,1,0,15
44,B,0.0318,D,15,sal,sal,1,0,15
44,A,0.1,E,15,sal,sal,1,0,15
44,B,0.06,E,15,sal,sal,1,0,15
44,A,0.12,F,15,sal,sal,1,1,15
44,B,0.36,F,15,sal,sal,1,3,15
47,A,0.07,A,16,sal,sal,1,0,16
47,B,0.11,A,16,sal,sal,1,0,16
47,A,0.0721,B,16,sal,sal,1,0,16
47,B,0.08,B,16,sal,sal,1,0,16
46,A,0.07,C,16,sal,sal,1,0,16
47,B,NA,C,16,sal,sal,1,NA,16
47,A,0.79,D,16,sal,sal,1,3,16
47,B,0.03,D,16,sal,sal,1,1,16
47,A,0.14,E,16,sal,sal,1,0,16
47,B,0.06,E,16,sal,sal,1,0,16
47,A,0.03,F,16,sal,sal,1,0,16
47,B,0.19,F,16,sal,sal,1,0,16
50,A,0.31,A,17,sal,sal,2,3,17
50,B,0.08,A,17,sal,sal,2,0,17
50,A,0.31,B,17,sal,sal,2,2,17
50,B,0.67,B,17,sal,sal,2,3,17
50,A,3.06,C,17,sal,sal,2,5,17
50,B,3.88,C,17,sal,sal,2,4,17
50,A,0.08,D,17,sal,sal,2,0,17
50,B,0.09,D,17,sal,sal,2,0,17
50,A,1.43,E,17,sal,sal,2,4,17
50,B,0.01,E,17,sal,sal,2,0,17
50,A,0.32,F,17,sal,sal,2,2,17
50,B,2.12,F,17,sal,sal,2,4,17
53,A,3.54,A,18,sal,sal,2,5,18
53,B,3.4,A,18,sal,sal,2,5,18
53,A,3.09,B,18,sal,sal,2,4,18
53,B,0.68,B,18,sal,sal,2,3,18
53,A,0.75,C,18,sal,sal,2,2,18
53,B,0.31,C,18,sal,sal,2,1,18
53,A,0.2,D,18,sal,sal,2,2,18
53,B,0.13,D,18,sal,sal,2,2,18
53,A,1.34,E,18,sal,sal,2,3,18
53,B,3.34,E,18,sal,sal,2,4,18
53,A,0.16,F,18,sal,sal,2,1,18
53,B,4.41,F,18,sal,sal,2,5,18
56,A,0.16,A,19,sal,sal,2,0,19
56,B,0.08,A,19,sal,sal,2,0,19
56,A,0.09,B,19,sal,sal,2,0,19
56,B,0.11,B,19,sal,sal,2,0,19
56,A,0.11,C,19,sal,sal,2,1,19
56,B,0.08,C,19,sal,sal,2,0,19
56,A,0.0549,D,19,sal,sal,2,0,19
56,B,0.1,D,19,sal,sal,2,0,19
56,A,0.41,E,19,sal,sal,2,2,19
56,B,5.14,E,19,sal,sal,2,4,19
56,A,0.1,F,19,sal,sal,2,0,19
56,B,0.15,F,19,sal,sal,2,4,19
59,A,0.09,A,20,sal,sal,2,1,20
59,B,0.08,A,20,sal,sal,2,0,20
59,A,0.13,B,20,sal,sal,2,0,20
59,B,0.13,B,20,sal,sal,2,0,20
59,A,0.0633,C,20,sal,sal,2,0,20
59,B,0.0535,C,20,sal,sal,2,0,20
59,A,0.1,D,20,sal,sal,2,0,20
59,B,0.16,D,20,sal,sal,2,0,20
59,A,0.09,E,20,sal,sal,2,0,20
59,B,0.06,E,20,sal,sal,2,1,20
59,A,0.11,F,20,sal,sal,2,0,20
59,B,0.09,F,20,sal,sal,2,0,20
62,A,0.1,A,21,sal,sal,2,0,21
62,B,0.1,A,21,sal,sal,2,0,21
62,A,0.08,B,21,sal,sal,2,0,21
62,B,0.03,B,21,sal,sal,2,0,21
62,A,0.1,C,21,sal,sal,2,0,21
62,B,0.042,C,21,sal,sal,2,0,21
62,A,0.17,D,21,sal,sal,2,1,21
62,B,0.08,D,21,sal,sal,2,0,21
62,A,0.05,E,21,sal,sal,2,0,21
62,B,0.05,E,21,sal,sal,2,0,21
62,A,0.09,F,21,sal,sal,2,0,21
62,B,1.54,F,21,sal,sal,2,3,21
65,A,0.19,A,22,sal,sal,2,0,22
65,B,0.08,A,22,sal,sal,2,0,22
65,A,0.12,B,22,sal,sal,2,0,22
65,B,0.15,B,22,sal,sal,2,0,22
65,A,0.08,C,22,sal,sal,2,0,22
65,B,0.15,C,22,sal,sal,2,0,22
65,A,0.07,D,22,sal,sal,2,0,22
65,B,0.07,D,22,sal,sal,2,1,22
65,A,0.12,E,22,sal,sal,2,0,22
65,B,0.14,E,22,sal,sal,2,0,22
65,A,0.11,F,22,sal,sal,2,0,22
65,B,0.15,F,22,sal,sal,2,0,22
68,A,0.14,A,23,sal,sal,2,0,23
68,B,0.45,A,23,sal,sal,2,0,23
68,A,0.04,B,23,sal,sal,2,0,23
68,B,0.12,B,23,sal,sal,2,0,23
68,A,0.1,C,23,sal,sal,2,0,23
68,B,0.09,C,23,sal,sal,2,0,23
68,A,0.12,D,23,sal,sal,2,1,23
68,B,0.07,D,23,sal,sal,2,2,23
68,A,0.09,E,23,sal,sal,2,0,23
68,B,0.09,E,23,sal,sal,2,0,23
68,A,0.06,F,23,sal,sal,2,0,23
68,B,0.07,F,23,sal,sal,2,4,23
71,A,0.13,A,24,sal,sal,2,0,24
71,B,0.1,A,24,sal,sal,2,0,24
71,A,0.12,B,24,sal,sal,2,0,24
72,B,,B,24,sal,sal,2,0,24
71,A,0.11,C,24,sal,sal,2,0,24
71,B,0.06,C,24,sal,sal,2,0,24
71,A,0.06,D,24,sal,sal,2,0,24
71,B,0.1,D,24,sal,sal,2,0,24
71,A,0.09,E,24,sal,sal,2,0,24
71,B,0.07,E,24,sal,sal,2,2,24
71,A,0.07,F,24,sal,sal,2,0,24
71,B,0.4,F,24,sal,sal,2,2,24
74,A,0.96,A,25,sal,sal,2,2,25
74,B,4.05,A,25,sal,sal,2,4,25
74,A,0.12,B,25,sal,sal,2,0,25
74,B,0.09,B,25,sal,sal,2,0,25
74,A,0.06,C,25,sal,sal,2,0,25
74,B,0.07,C,25,sal,sal,2,0,25
74,A,0.03,D,25,sal,sal,2,0,25
74,B,0.07,D,25,sal,sal,2,0,25
74,A,0.09,E,25,sal,sal,2,0,25
74,B,0.05,E,25,sal,sal,2,0,25
74,A,0.03,F,25,sal,sal,2,0,25
74,B,0.1,F,25,sal,sal,2,0,25
77,A,0.1,A,26,sal,sal,2,0,26
77,B,0.11,A,26,sal,sal,2,0,26
77,A,0.3,B,26,sal,sal,2,2,26
77,B,0.92,B,26,sal,sal,2,2,26
77,A,0.0383,C,26,sal,sal,2,0,26
77,B,0.04,C,26,sal,sal,2,0,26
77,A,0.0669,D,26,sal,sal,2,0,26
77,B,0.03,D,26,sal,sal,2,0,26
77,A,0.24,E,26,sal,sal,2,2,26
77,B,0.12,E,26,sal,sal,2,2,26
77,A,1.02,F,26,sal,sal,2,2,26
77,B,0.06,F,26,sal,sal,2,0,26
80,A,0.85,A,27,sal,sal,2,3,27
80,B,0.09,A,27,sal,sal,2,0,27
80,A,0.09,B,27,sal,sal,2,0,27
80,B,0.2,B,27,sal,sal,2,0,27
80,A,1.81,C,27,sal,sal,2,2,27
80,B,1.35,C,27,sal,sal,2,1,27
80,A,NA,D,27,sal,sal,2,0,27
80,B,NA,D,27,sal,sal,2,0,27
80,A,0.09,E,27,sal,sal,2,0,27
80,B,0.09,E,27,sal,sal,2,0,27
80,A,0.13,F,27,sal,sal,2,0,27
80,B,0.04,F,27,sal,sal,2,0,27
83,A,3.36,A,28,sal,sal,2,4,28
83,B,2.98,A,28,sal,sal,2,3,28
83,A,2.4,B,28,sal,sal,2,3,28
83,B,5.77,B,28,sal,sal,2,4,28
83,A,4.29,C,28,sal,sal,2,4,28
83,B,3.54,C,28,sal,sal,2,4,28
83,A,0.1,D,28,sal,sal,2,0,28
83,B,2.5,D,28,sal,sal,2,4,28
83,A,3.82,E,28,sal,sal,2,4,28
83,B,3.07,E,28,sal,sal,2,4,28
83,A,3.32,F,28,sal,sal,2,4,28
83,B,4.7,F,28,sal,sal,2,5,28
86,A,0.13,A,29,sal,sal,2,0,29
86,B,0.09,A,29,sal,sal,2,0,29
86,A,0.09,B,29,sal,sal,2,0,29
86,B,0.0528,B,29,sal,sal,2,0,29
86,A,0.09,C,29,sal,sal,2,0,29
86,B,0.09,C,29,sal,sal,2,0,29
86,A,0.0529,D,29,sal,sal,2,0,29
86,B,0.28,D,29,sal,sal,2,2,29
86,A,0.12,E,29,sal,sal,2,1,29
86,B,0.06,E,29,sal,sal,2,0,29
86,A,0.18,F,29,sal,sal,2,0,29
86,B,1.92,F,29,sal,sal,2,5,29
89,A,4.5,A,30,sal,sal,2,4,30
89,B,0.25,A,30,sal,sal,2,0,30
89,A,1.52,B,30,sal,sal,2,3,30
89,B,2.76,B,30,sal,sal,2,4,30
89,A,1.92,C,30,sal,sal,2,3,30
89,B,4.12,C,30,sal,sal,2,3,30
89,A,0.02,D,30,sal,sal,2,1,30
89,B,0.08,D,30,sal,sal,2,1,30
89,A,0.23,E,30,sal,sal,2,1,30
89,B,0.86,E,30,sal,sal,2,3,30
89,A,1.6,F,30,sal,sal,2,3,30
89,B,3.44,F,30,sal,sal,2,2,30
92,A,0.06,A,31,sal,sal,2,0,31
92,B,0.12,A,31,sal,sal,2,0,31
92,A,0.09,B,31,sal,sal,2,0,31
92,B,0.05,B,31,sal,sal,2,0,31
92,A,4.83,C,31,sal,sal,2,5,31
92,B,0.14,C,31,sal,sal,2,1,31
92,A,0.09,D,31,sal,sal,2,0,31
92,B,0.08,D,31,sal,sal,2,1,31
92,A,0.12,E,31,sal,sal,2,0,31
92,B,0.12,E,31,sal,sal,2,0,31
92,A,0.09,F,31,sal,sal,2,NA,31
92,B,0.08,F,31,sal,sal,2,0,31
95,A,0.26,A,32,sal,sal,2,0,32
95,B,0.93,A,32,sal,sal,2,2,32
95,A,0.06,B,32,sal,sal,2,0,32
95,B,0.1,B,32,sal,sal,2,0,32
95,A,0.07,C,32,sal,sal,2,0,32
95,B,0.04,C,32,sal,sal,2,0,32
95,A,0.08,D,32,sal,sal,2,0,32
95,B,0.07,D,32,sal,sal,2,0,32
95,A,1.3,E,32,sal,sal,2,4,32
95,B,0.14,E,32,sal,sal,2,2,32
95,A,2.43,F,32,sal,sal,2,0,32
95,B,0.02,F,32,sal,sal,2,0,32
98,A,4.28,A,33,sal,sal,4,1,33
98,B,5.57,A,33,sal,sal,4,5,33
98,A,0.0502,B,33,sal,sal,4,0,33
98,B,3.84,B,33,sal,sal,4,5,33
98,A,4.05,C,33,sal,sal,4,4,33
98,B,1.78,C,33,sal,sal,4,3,33
98,A,7.33,D,33,sal,sal,4,3,33
98,B,0.33,D,33,sal,sal,4,3,33
98,A,2.2,E,33,sal,sal,4,4,33
98,B,0.14,E,33,sal,sal,4,0,33
98,A,1.55,F,33,sal,sal,4,3,33
98,B,3.08,F,33,sal,sal,4,5,33
101,A,0.09,A,34,sal,sal,4,0,34
101,B,0.08,A,34,sal,sal,4,1,34
101,A,0.12,B,34,sal,sal,4,0,34
101,B,0.09,B,34,sal,sal,4,0,34
101,A,0.03,C,34,sal,sal,4,0,34
101,B,0.02,C,34,sal,sal,4,0,34
101,A,0.09,D,34,sal,sal,4,0,34
101,B,0.06,D,34,sal,sal,4,0,34
101,A,0.15,E,34,sal,sal,4,0,34
101,B,0.07,E,34,sal,sal,4,0,34
101,A,0.14,F,34,sal,sal,4,0,34
101,B,0.1,F,34,sal,sal,4,0,34
104,A,0.4,A,35,sal,sal,4,2,35
104,B,0.01,A,35,sal,sal,4,0,35
104,A,0.1,B,35,sal,sal,4,0,35
104,B,0.07,B,35,sal,sal,4,0,35
104,A,0.07,C,35,sal,sal,4,0,35
104,B,0.08,C,35,sal,sal,4,0,35
104,A,0.66,D,35,sal,sal,4,3,35
104,B,0.0402,D,35,sal,sal,4,0,35
104,A,0.46,E,35,sal,sal,4,2,35
104,B,0.37,E,35,sal,sal,4,2,35
104,A,0.2,F,35,sal,sal,4,1,35
104,B,1.88,F,35,sal,sal,4,3,35
107,A,0.79,A,36,sal,sal,4,2,36
107,B,0.08,A,36,sal,sal,4,0,36
107,A,0.0447,B,36,sal,sal,4,0,36
107,B,0.04,B,36,sal,sal,4,0,36
107,A,0.06,C,36,sal,sal,4,0,36
107,B,0.07,C,36,sal,sal,4,1,36
107,A,NA,D,36,sal,sal,4,NA,36
107,B,0.12,D,36,sal,sal,4,0,36
107,A,0.08,E,36,sal,sal,4,1,36
107,B,0.03,E,36,sal,sal,4,1,36
107,A,0.02,F,36,sal,sal,4,0,36
107,B,0.15,F,36,sal,sal,4,0,36
110,A,0.06,A,37,sal,sal,4,0,37
110,B,0.07,A,37,sal,sal,4,1,37
110,A,3.96,B,37,sal,sal,4,5,37
110,B,2.51,B,37,sal,sal,4,4,37
110,A,0.57,C,37,sal,sal,4,2,37
110,B,3.14,C,37,sal,sal,4,4,37
110,A,3.06,D,37,sal,sal,4,5,37
110,B,2.94,D,37,sal,sal,4,5,37
110,A,0.11,E,37,sal,sal,4,0,37
110,B,6.09,E,37,sal,sal,4,5,37
110,A,4.96,F,37,sal,sal,4,5,37
110,B,1.01,F,37,sal,sal,4,3,37
113,A,2.81,A,38,sal,sal,4,4,38
113,B,7.02,A,38,sal,sal,4,4,38
113,A,4.97,B,38,sal,sal,4,4,38
113,B,3.84,B,38,sal,sal,4,4,38
113,A,4.32,C,38,sal,sal,4,4,38
113,B,1.61,C,38,sal,sal,4,4,38
113,A,4.56,D,38,sal,sal,4,4,38
113,B,1.24,D,38,sal,sal,4,2,38
113,A,3.26,E,38,sal,sal,4,4,38
113,B,2.26,E,38,sal,sal,4,4,38
113,A,0.01,F,38,sal,sal,4,0,38
113,B,2.16,F,38,sal,sal,4,5,38
116,A,0.27,A,39,sal,sal,4,2,39
116,B,0.28,A,39,sal,sal,4,2,39
116,A,0.44,B,39,sal,sal,4,2,39
116,B,2.58,B,39,sal,sal,4,4,39
116,A,0.08,C,39,sal,sal,4,1,39
116,B,0.1,C,39,sal,sal,4,1,39
116,A,0.38,D,39,sal,sal,4,3,39
116,B,0.02,D,39,sal,sal,4,0,39
116,A,0.08,E,39,sal,sal,4,0,39
116,B,0.07,E,39,sal,sal,4,0,39
116,A,0.28,F,39,sal,sal,4,2,39
116,B,0.1,F,39,sal,sal,4,0,39
119,A,0.11,A,40,sal,sal,4,0,40
119,B,0.05,A,40,sal,sal,4,1,40
119,A,0.12,B,40,sal,sal,4,1,40
119,B,0.06,B,40,sal,sal,4,1,40
119,A,0.09,C,40,sal,sal,4,2,40
119,B,0.11,C,40,sal,sal,4,0,40
119,A,0.02,D,40,sal,sal,4,0,40
119,B,0.11,D,40,sal,sal,4,0,40
119,A,0.02,E,40,sal,sal,4,0,40
119,B,0.08,E,40,sal,sal,4,0,40
119,A,NA,F,40,sal,sal,4,0,40
119,B,0.08,F,40,sal,sal,4,0,40
122,A,0.18,A,41,sal,sal,N-,0,41
122,B,0.1,A,41,sal,sal,N-,0,41
122,A,0.11,B,41,sal,sal,N-,0,41
122,B,0.12,B,41,sal,sal,N-,0,41
122,A,0.14,C,41,sal,sal,N-,0,41
122,B,0.11,C,41,sal,sal,N-,0,41
122,A,0.14,D,41,sal,sal,N-,0,41
122,B,0.45,D,41,sal,sal,N-,2,41
122,A,0.12,E,41,sal,sal,N-,0,41
122,B,0.09,E,41,sal,sal,N-,0,41
122,A,0.1,F,41,sal,sal,N-,0,41
122,B,0.11,F,41,sal,sal,N-,0,41
125,A,0.56,A,42,sal,sal,N+,0,42
125,B,0.13,A,42,sal,sal,N+,0,42
125,A,0.26,B,42,sal,sal,N+,0,42
125,B,0.46,B,42,sal,sal,N+,0,42
125,A,0.32,C,42,sal,sal,N+,0,42
125,B,0.24,C,42,sal,sal,N+,0,42
125,A,0.46,D,42,sal,sal,N+,0,42
125,B,0.3,D,42,sal,sal,N+,0,42
125,A,0.47,E,42,sal,sal,N+,0,42
125,B,0.14,E,42,sal,sal,N+,0,42
125,A,0.35,F,42,sal,sal,N+,0,42
125,B,0.48,F,42,sal,sal,N+,0,42
3,A,0.29,A,1,sal&sten,sten,1,2,43
3,B,5.04,A,1,sal&sten,sal,1,5,43
3,A,0.07,B,1,sal&sten,sten,1,0,43
3,B,5.71,B,1,sal&sten,sal,1,5,43
3,A,0.16,C,1,sal&sten,sten,1,1,43
3,B,4.88,C,1,sal&sten,sal,1,4,43
3,A,0.1,D,1,sal&sten,sten,1,0,43
3,B,5.61,D,1,sal&sten,sal,1,5,43
3,A,0.18,E,1,sal&sten,sten,1,2,43
3,B,2.97,E,1,sal&sten,sal,1,4,43
3,A,0.69,F,1,sal&sten,sten,1,3,43
3,B,7.08,F,1,sal&sten,sal,1,5,43
6,A,0.27,A,2,sal&sten,sten,1,3,44
6,B,3.29,A,2,sal&sten,sal,1,4,44
6,A,1.02,B,2,sal&sten,sten,1,2,44
6,B,4.19,B,2,sal&sten,sal,1,4,44
6,A,0.38,C,2,sal&sten,sten,1,2,44
6,B,0.09,C,2,sal&sten,sal,1,1,44
6,A,0.58,D,2,sal&sten,sten,1,3,44
6,B,3.66,D,2,sal&sten,sal,1,5,44
6,A,0.52,E,2,sal&sten,sten,1,3,44
6,B,2.61,E,2,sal&sten,sal,1,5,44
6,A,0.42,F,2,sal&sten,sten,1,4,44
6,B,1.74,F,2,sal&sten,sal,1,5,44
9,A,0.36,A,3,sal&sten,sten,1,2,45
9,B,8.59,A,3,sal&sten,sal,1,5,45
9,A,1.47,B,3,sal&sten,sten,1,4,45
9,B,5.49,B,3,sal&sten,sal,1,5,45
9,A,1.6,C,3,sal&sten,sten,1,2,45
9,B,2.8,C,3,sal&sten,sal,1,4,45
9,A,0.71,D,3,sal&sten,sten,1,2,45
9,B,5.5,D,3,sal&sten,sal,1,4,45
9,A,1.09,E,3,sal&sten,sten,1,3,45
9,B,11.2,E,3,sal&sten,sal,1,5,45
9,A,0.59,F,3,sal&sten,sten,1,3,45
9,B,3.5,F,3,sal&sten,sal,1,4,45
12,A,0.12,A,4,sal&sten,sten,1,0,46
12,B,0.22,A,4,sal&sten,sal,1,0,46
12,A,0.12,B,4,sal&sten,sten,1,0,46
12,B,0.0489,B,4,sal&sten,sal,1,0,46
12,A,0.08,C,4,sal&sten,sten,1,0,46
12,B,0.01,C,4,sal&sten,sal,1,0,46
12,A,0.16,D,4,sal&sten,sten,1,0,46
12,B,0.09,D,4,sal&sten,sal,1,0,46
12,A,0.11,E,4,sal&sten,sten,1,0,46
12,B,0.08,E,4,sal&sten,sal,1,0,46
12,A,0.17,F,4,sal&sten,sten,1,0,46
12,B,0.2,F,4,sal&sten,sal,1,0,46
15,A,0.09,A,5,sal&sten,sten,1,1,47
15,B,0.08,A,5,sal&sten,sal,1,1,47
15,A,0.08,B,5,sal&sten,sten,1,1,47
15,B,0.05,B,5,sal&sten,sal,1,1,47
15,A,0.09,C,5,sal&sten,sten,1,1,47
15,B,0.06,C,5,sal&sten,sal,1,1,47
15,A,0.06,D,5,sal&sten,sten,1,1,47
15,B,0.08,D,5,sal&sten,sal,1,0,47
15,A,0.06,E,5,sal&sten,sten,1,1,47
15,B,0.2,E,5,sal&sten,sal,1,1,47
15,A,0.09,F,5,sal&sten,sten,1,1,47
15,B,0.07,F,5,sal&sten,sal,1,0,47
18,A,0.14,A,6,sal&sten,sten,1,0,48
18,B,0.06,A,6,sal&sten,sal,1,0,48
18,A,0.13,B,6,sal&sten,sten,1,0,48
18,B,0.08,B,6,sal&sten,sal,1,0,48
18,A,0.18,C,6,sal&sten,sten,1,0,48
18,B,0.06,C,6,sal&sten,sal,1,0,48
18,A,0.14,D,6,sal&sten,sten,1,0,48
18,B,0.1,D,6,sal&sten,sal,1,0,48
18,A,0.11,E,6,sal&sten,sten,1,0,48
18,B,0.12,E,6,sal&sten,sal,1,0,48
18,A,0.08,F,6,sal&sten,sten,1,0,48
18,B,0.09,F,6,sal&sten,sal,1,0,48
21,A,0.07,A,7,sal&sten,sten,1,0,49
21,B,0.06,A,7,sal&sten,sal,1,0,49
21,A,0.14,B,7,sal&sten,sten,1,0,49
21,B,0.13,B,7,sal&sten,sal,1,1,49
21,A,0.28,C,7,sal&sten,sten,1,0,49
21,B,0.11,C,7,sal&sten,sal,1,0,49
21,A,0.16,D,7,sal&sten,sten,1,0,49
21,B,0.14,D,7,sal&sten,sal,1,0,49
21,A,0.11,E,7,sal&sten,sten,1,0,49
21,B,0.05,E,7,sal&sten,sal,1,0,49
21,A,0.22,F,7,sal&sten,sten,1,0,49
21,B,0.35,F,7,sal&sten,sal,1,0,49
24,A,0.16,A,8,sal&sten,sten,1,0,50
24,B,0.08,A,8,sal&sten,sal,1,0,50
24,A,0.12,B,8,sal&sten,sten,1,0,50
24,B,0.1,B,8,sal&sten,sal,1,0,50
24,A,0.11,C,8,sal&sten,sten,1,0,50
24,B,0.1,C,8,sal&sten,sal,1,0,50
24,A,0.35,D,8,sal&sten,sten,1,2,50
24,B,0.08,D,8,sal&sten,sal,1,0,50
24,A,0.18,E,8,sal&sten,sten,1,0,50
24,B,0.08,E,8,sal&sten,sal,1,0,50
24,A,0.11,F,8,sal&sten,sten,1,3,50
24,B,0.04,F,8,sal&sten,sal,1,2,50
27,A,2.38,A,9,sal&sten,sten,1,5,51
27,B,2.62,A,9,sal&sten,sal,1,5,51
27,A,3.13,B,9,sal&sten,sten,1,4,51
27,B,3.59,B,9,sal&sten,sal,1,5,51
27,A,4.5,C,9,sal&sten,sten,1,5,51
27,B,1.57,C,9,sal&sten,sal,1,2,51
27,A,1.8,D,9,sal&sten,sten,1,4,51
27,B,5.13,D,9,sal&sten,sal,1,4,51
27,A,1.49,E,9,sal&sten,sten,1,4,51
27,B,2.55,E,9,sal&sten,sal,1,5,51
27,A,2.42,F,9,sal&sten,sten,1,4,51
27,B,2.13,F,9,sal&sten,sal,1,4,51
30,A,0.21,A,10,sal&sten,sten,1,0,52
30,B,0.84,A,10,sal&sten,sal,1,2,52
30,A,0.14,B,10,sal&sten,sten,1,0,52
30,B,0.09,B,10,sal&sten,sal,1,0,52
30,A,0.15,C,10,sal&sten,sten,1,0,52
30,B,0.13,C,10,sal&sten,sal,1,0,52
30,A,0.09,D,10,sal&sten,sten,1,0,52
30,B,0.09,D,10,sal&sten,sal,1,2,52
30,A,0.13,E,10,sal&sten,sten,1,0,52
30,B,0.11,E,10,sal&sten,sal,1,0,52
30,A,0.14,F,10,sal&sten,sten,1,1,52
30,B,0.07,F,10,sal&sten,sal,1,1,52
33,A,0.2,A,11,sal&sten,sten,1,0,53
33,B,0.03,A,11,sal&sten,sal,1,0,53
33,A,0.18,B,11,sal&sten,sten,1,0,53
33,B,0.08,B,11,sal&sten,sal,1,0,53
32,A,0.11,C,11,sal&sten,sten,1,0,53
33,B,0.15,C,11,sal&sten,sal,1,0,53
33,A,0.1,D,11,sal&sten,sten,1,0,53
33,B,0.08,D,11,sal&sten,sal,1,0,53
33,A,0.13,E,11,sal&sten,sten,1,0,53
33,B,0.09,E,11,sal&sten,sal,1,0,53
33,A,0.36,F,11,sal&sten,sten,1,2,53
33,B,0.1,F,11,sal&sten,sal,1,0,53
36,A,2.04,A,12,sal&sten,sten,1,4,54
36,B,3.32,A,12,sal&sten,sal,1,3,54
36,A,2.21,B,12,sal&sten,sten,1,4,54
36,B,3.62,B,12,sal&sten,sal,1,4,54
35,A,2.33,C,12,sal&sten,sten,1,4,54
36,B,NA,C,12,sal&sten,sal,1,NA,54
36,A,4.09,D,12,sal&sten,sten,1,5,54
36,B,2.65,D,12,sal&sten,sal,1,4,54
36,A,0.99,E,12,sal&sten,sten,1,5,54
36,B,1.35,E,12,sal&sten,sal,1,4,54
36,A,2.59,F,12,sal&sten,sten,1,5,54
36,B,0.68,F,12,sal&sten,sal,1,3,54
39,A,0.28,A,13,sal&sten,sten,1,2,55
39,B,0.1,A,13,sal&sten,sal,1,0,55
39,A,1.13,B,13,sal&sten,sten,1,3,55
39,B,0.06,B,13,sal&sten,sal,1,0,55
38,A,0.07,C,13,sal&sten,sten,1,1,55
39,B,1.26,C,13,sal&sten,sal,1,3,55
39,A,2.46,D,13,sal&sten,sten,1,4,55
38,B,2.95,D,13,sal&sten,sal,1,4,55
39,A,1.99,E,13,sal&sten,sten,1,4,55
39,B,0.44,E,13,sal&sten,sal,1,2,55
39,A,2.25,F,13,sal&sten,sten,1,4,55
39,B,0.56,F,13,sal&sten,sal,1,3,55
42,A,5.13,A,14,sal&sten,sten,1,5,56
42,B,5.32,A,14,sal&sten,sal,1,5,56
42,A,4.48,B,14,sal&sten,sten,1,4,56
42,B,4.96,B,14,sal&sten,sal,1,4,56
41,A,5.62,C,14,sal&sten,sten,1,5,56
42,B,4.35,C,14,sal&sten,sal,1,3,56
42,A,2.2,D,14,sal&sten,sten,1,4,56
42,B,1.65,D,14,sal&sten,sal,1,4,56
42,A,3.28,E,14,sal&sten,sten,1,4,56
42,B,1.98,E,14,sal&sten,sal,1,4,56
42,A,2.73,F,14,sal&sten,sten,1,5,56
42,B,2.67,F,14,sal&sten,sal,1,5,56
45,A,0.17,A,15,sal&sten,sten,1,0,57
45,B,0.09,A,15,sal&sten,sal,1,0,57
45,A,0.1,B,15,sal&sten,sten,1,1,57
45,B,0.07,B,15,sal&sten,sal,1,0,57
44,A,0.03,C,15,sal&sten,sten,1,0,57
45,B,1.49,C,15,sal&sten,sal,1,2,57
45,A,0.09,D,15,sal&sten,sten,1,0,57
45,B,0.1,D,15,sal&sten,sal,1,0,57
45,A,0.07,E,15,sal&sten,sten,1,0,57
45,B,0.08,E,15,sal&sten,sal,1,0,57
45,A,0.19,F,15,sal&sten,sten,1,0,57
45,B,0.03,F,15,sal&sten,sal,1,0,57
48,A,0.19,A,16,sal&sten,sten,1,0,58
48,B,0.06,A,16,sal&sten,sal,1,0,58
48,A,0.14,B,16,sal&sten,sten,1,0,58
48,B,0.0894,B,16,sal&sten,sal,1,0,58
48,A,0.07,C,16,sal&sten,sten,1,0,58
48,B,0.11,C,16,sal&sten,sal,2,0,58
48,A,0.22,D,16,sal&sten,sten,1,1,58
48,B,0.17,D,16,sal&sten,sal,1,0,58
48,A,0.16,E,16,sal&sten,sten,1,0,58
48,B,0.11,E,16,sal&sten,sal,1,0,58
48,A,0.04,F,16,sal&sten,sten,1,0,58
48,B,0.08,F,16,sal&sten,sal,1,2,58
51,A,0.12,A,17,sal&sten,sten,2,1,59
51,B,2.75,A,17,sal&sten,sal,2,4,59
51,A,0.11,B,17,sal&sten,sten,2,0,59
51,B,0.16,B,17,sal&sten,sal,2,0,59
51,A,0.1,C,17,sal&sten,sten,2,0,59
51,B,0.1,C,17,sal&sten,sal,2,0,59
51,A,0.12,D,17,sal&sten,sten,2,1,59
51,B,0.08,D,17,sal&sten,sal,2,0,59
51,A,0.09,E,17,sal&sten,sten,2,0,59
51,B,0.17,E,17,sal&sten,sal,2,0,59
51,A,0.16,F,17,sal&sten,sten,2,0,59
51,B,2.07,F,17,sal&sten,sal,2,4,59
54,A,1.86,A,18,sal&sten,sten,2,3,60
54,B,2.01,A,18,sal&sten,sal,2,5,60
54,A,0.42,B,18,sal&sten,sten,2,3,60
54,B,1.8,B,18,sal&sten,sal,2,4,60
54,A,0.29,C,18,sal&sten,sten,2,1,60
54,B,1.25,C,18,sal&sten,sal,2,4,60
54,A,0.06,D,18,sal&sten,sten,2,0,60
54,B,1.9,D,18,sal&sten,sal,2,4,60
54,A,0.22,E,18,sal&sten,sten,2,3,60
54,B,3.51,E,18,sal&sten,sal,2,5,60
54,A,0.2,F,18,sal&sten,sten,2,0,60
54,B,2.72,F,18,sal&sten,sal,2,1,60
57,A,0.07,A,19,sal&sten,sten,2,0,61
57,B,0.1,A,19,sal&sten,sal,2,0,61
57,A,0.23,B,19,sal&sten,sten,2,0,61
57,B,0.052,B,19,sal&sten,sal,2,0,61
57,A,0.07,C,19,sal&sten,sten,2,0,61
57,B,0.08,C,19,sal&sten,sal,2,0,61
57,A,0.12,D,19,sal&sten,sten,2,0,61
57,B,0.0399,D,19,sal&sten,sal,2,0,61
57,A,0.06,E,19,sal&sten,sten,2,0,61
57,B,0.11,E,19,sal&sten,sal,2,0,61
57,A,0.02,F,19,sal&sten,sten,2,0,61
57,B,3.17,F,19,sal&sten,sal,2,0,61
60,A,0.42,A,20,sal&sten,sten,2,2,62
60,B,1.82,A,20,sal&sten,sal,2,4,62
60,A,0.1,B,20,sal&sten,sten,2,0,62
60,B,0.0962,B,20,sal&sten,sal,2,0,62
60,A,0.16,C,20,sal&sten,sten,2,0,62
60,B,0.09,C,20,sal&sten,sal,2,0,62
60,A,0.16,D,20,sal&sten,sten,2,0,62
60,B,0.02,D,20,sal&sten,sal,2,0,62
60,A,0.13,E,20,sal&sten,sten,2,0,62
60,B,0.09,E,20,sal&sten,sal,2,0,62
60,A,0.11,F,20,sal&sten,sten,2,0,62
60,B,0.13,F,20,sal&sten,sal,2,0,62
63,A,0.18,A,21,sal&sten,sten,2,0,63
63,B,0.08,A,21,sal&sten,sal,2,0,63
63,A,0.14,B,21,sal&sten,sten,2,0,63
63,B,0.0809,B,21,sal&sten,sal,2,0,63
63,A,0.0509,C,21,sal&sten,sten,2,0,63
63,B,0.0695,C,21,sal&sten,sal,2,0,63
63,A,0.1222,D,21,sal&sten,sten,2,0,63
63,B,0.0834,D,21,sal&sten,sal,2,0,63
63,A,0.08,E,21,sal&sten,sten,2,0,63
63,B,0.09,E,21,sal&sten,sal,2,0,63
63,A,0.14,F,21,sal&sten,sten,2,0,63
63,B,0.11,F,21,sal&sten,sal,2,0,63
66,A,0.26,A,22,sal&sten,sten,2,1,64
66,B,0.05,A,22,sal&sten,sal,2,0,64
66,A,0.22,B,22,sal&sten,sten,2,0,64
66,B,0.0647,B,22,sal&sten,sal,2,0,64
66,A,0.08,C,22,sal&sten,sten,2,0,64
66,B,0.08,C,22,sal&sten,sal,2,0,64
66,A,0.27,D,22,sal&sten,sten,2,0,64
66,B,0.06,D,22,sal&sten,sal,2,0,64
66,A,0.13,E,22,sal&sten,sten,2,0,64
66,B,0.12,E,22,sal&sten,sal,2,0,64
66,A,0.04,F,22,sal&sten,sten,2,0,64
66,B,0.1,F,22,sal&sten,sal,2,0,64
69,A,0.16,A,23,sal&sten,sten,2,2,65
69,B,0.35,A,23,sal&sten,sal,2,2,65
69,A,0.17,B,23,sal&sten,sten,2,0,65
69,B,0.12,B,23,sal&sten,sal,2,0,65
69,A,0.17,C,23,sal&sten,sten,2,0,65
69,B,0.088,C,23,sal&sten,sal,2,0,65
69,A,0.43,D,23,sal&sten,sten,2,2,65
69,B,0.66,D,23,sal&sten,sal,2,2,65
69,A,0.25,E,23,sal&sten,sten,2,0,65
69,B,0.06,E,23,sal&sten,sal,2,0,65
69,A,0.13,F,23,sal&sten,sten,2,0,65
69,B,0.04,F,23,sal&sten,sal,2,0,65
72,A,0.2,A,24,sal&sten,sten,2,0,66
72,B,0.07,A,24,sal&sten,sal,2,0,66
72,A,1.86,B,24,sal&sten,sten,2,0,66
72,B,0.07,B,24,sal&sten,sal,2,0,66
72,A,0.15,C,24,sal&sten,sten,2,0,66
72,B,0.0544,C,24,sal&sten,sal,2,0,66
72,A,0.06,D,24,sal&sten,sten,2,0,66
72,B,0.1,D,24,sal&sten,sal,2,0,66
72,A,0.23,E,24,sal&sten,sten,2,0,66
72,B,0.08,E,24,sal&sten,sal,2,0,66
72,A,0.13,F,24,sal&sten,sten,2,0,66
72,B,0.01,F,24,sal&sten,sal,2,0,66
75,A,0.16,A,25,sal&sten,sten,2,0,67
75,B,0.17,A,25,sal&sten,sal,2,0,67
75,A,0.13,B,25,sal&sten,sten,2,2,67
75,B,0.08,B,25,sal&sten,sal,2,0,67
75,A,0.22,C,25,sal&sten,sten,2,1,67
75,B,0.1,C,25,sal&sten,sal,2,0,67
75,A,0.11,D,25,sal&sten,sten,2,0,67
75,B,0.06,D,25,sal&sten,sal,2,0,67
75,A,0.13,E,25,sal&sten,sten,2,0,67
75,B,0.06,E,25,sal&sten,sal,2,0,67
75,A,0.19,F,25,sal&sten,sten,2,0,67
75,B,0.06,F,25,sal&sten,sal,2,0,67
78,A,0.13,A,26,sal&sten,sten,2,0,68
78,B,0.06,A,26,sal&sten,sal,2,0,68
78,A,0.13,B,26,sal&sten,sten,2,0,68
78,B,1,B,26,sal&sten,sal,2,2,68
78,A,NA,C,26,sal&sten,sten,2,NA,68
78,B,0.02,C,26,sal&sten,sal,2,0,68
78,A,0.11,D,26,sal&sten,sten,2,0,68
78,B,0.11,D,26,sal&sten,sal,2,0,68
78,A,0.12,E,26,sal&sten,sten,2,0,68
78,B,0.13,E,26,sal&sten,sal,2,0,68
78,A,0.13,F,26,sal&sten,sten,2,0,68
78,B,0.1,F,26,sal&sten,sal,2,0,68
81,A,0.16,A,27,sal&sten,sten,2,1,69
81,B,0.09,A,27,sal&sten,sal,2,0,69
81,A,0.13,B,27,sal&sten,sten,2,0,69
81,B,0.07,B,27,sal&sten,sal,2,0,69
81,A,0.08,C,27,sal&sten,sten,2,0,69
81,B,0.06,C,27,sal&sten,sal,2,0,69
81,A,0.13,D,27,sal&sten,sten,2,0,69
81,B,0.08,D,27,sal&sten,sal,2,0,69
81,A,0.17,E,27,sal&sten,sten,2,0,69
81,B,0.08,E,27,sal&sten,sal,2,0,69
81,A,0.08,F,27,sal&sten,sten,2,0,69
81,B,0.06,F,27,sal&sten,sal,2,0,69
84,A,1.62,A,28,sal&sten,sten,2,3,70
84,B,2.2,A,28,sal&sten,sal,2,3,70
84,A,0.41,B,28,sal&sten,sten,2,2,70
84,B,2.49,B,28,sal&sten,sal,2,3,70
84,A,0.94,C,28,sal&sten,sten,2,2,70
84,B,4.96,C,28,sal&sten,sal,2,4,70
84,A,0.68,D,28,sal&sten,sten,2,3,70
84,B,4.05,D,28,sal&sten,sal,2,4,70
84,A,2.49,E,28,sal&sten,sten,2,4,70
84,B,0.41,E,28,sal&sten,sal,2,3,70
84,A,0.44,F,28,sal&sten,sten,2,3,70
84,B,4.86,F,28,sal&sten,sal,2,5,70
87,A,0.1,A,29,sal&sten,sten,2,0,71
87,B,0.13,A,29,sal&sten,sal,2,1,71
87,A,0.08,B,29,sal&sten,sten,2,0,71
87,B,0.07,B,29,sal&sten,sal,2,0,71
87,A,0.13,C,29,sal&sten,sten,2,0,71
87,B,1.93,C,29,sal&sten,sal,2,4,71
87,A,0.16,D,29,sal&sten,sten,2,0,71
87,B,0.08,D,29,sal&sten,sal,2,0,71
87,A,0.09,E,29,sal&sten,sten,2,3,71
87,B,0.06,E,29,sal&sten,sal,2,3,71
87,A,0.05,F,29,sal&sten,sten,2,0,71
87,B,0.09,F,29,sal&sten,sal,2,0,71
90,A,1.26,A,30,sal&sten,sten,2,4,72
90,B,1.64,A,30,sal&sten,sal,2,1,72
90,A,1.1,B,30,sal&sten,sten,2,3,72
90,B,2.52,B,30,sal&sten,sal,2,4,72
90,A,0.08,C,30,sal&sten,sten,2,0,72
90,B,0.34,C,30,sal&sten,sal,2,2,72
90,A,1.61,D,30,sal&sten,sten,2,4,72
90,B,0.14,D,30,sal&sten,sal,2,2,72
90,A,4,E,30,sal&sten,sten,2,4,72
90,B,3.42,E,30,sal&sten,sal,2,5,72
90,A,1.45,F,30,sal&sten,sten,2,0,72
90,B,1.63,F,30,sal&sten,sal,2,3,72
93,A,0.01,A,31,sal&sten,sten,2,0,73
93,B,0.17,A,31,sal&sten,sal,2,0,73
93,A,0.16,B,31,sal&sten,sten,2,1,73
93,B,NA,B,31,sal&sten,sal,2,NA,73
93,A,0.1,C,31,sal&sten,sten,2,0,73
93,B,0.08,C,31,sal&sten,sal,2,0,73
93,A,0.03,D,31,sal&sten,sten,2,0,73
93,B,0.1,D,31,sal&sten,sal,2,0,73
93,A,0.15,E,31,sal&sten,sten,2,0,73
93,B,0.01,E,31,sal&sten,sal,2,1,73
93,A,NA,F,31,sal&sten,sten,2,0,73
93,B,0.15,F,31,sal&sten,sal,2,0,73
96,A,0.26,A,32,sal&sten,sten,2,2,74
96,B,0.12,A,32,sal&sten,sal,2,0,74
96,A,0.1,B,32,sal&sten,sten,2,0,74
96,B,0.1,B,32,sal&sten,sal,2,0,74
96,A,0.15,C,32,sal&sten,sten,2,0,74
96,B,0.06,C,32,sal&sten,sal,4,0,74
96,A,0.17,D,32,sal&sten,sten,2,0,74
96,B,0.03,D,32,sal&sten,sal,2,0,74
96,A,0.11,E,32,sal&sten,sten,2,0,74
96,B,0.08,E,32,sal&sten,sal,2,0,74
96,A,0.14,F,32,sal&sten,sten,2,2,74
96,B,0.08,F,32,sal&sten,sal,2,0,74
99,A,0.86,A,33,sal&sten,sten,4,4,75
99,B,5.62,A,33,sal&sten,sal,4,5,75
99,A,0.7,B,33,sal&sten,sten,4,3,75
99,B,2.61,B,33,sal&sten,sal,4,4,75
99,A,0.27,C,33,sal&sten,sten,4,2,75
99,B,6.67,C,33,sal&sten,sal,4,4,75
99,A,0.74,D,33,sal&sten,sten,4,3,75
99,B,0.87,D,33,sal&sten,sal,4,2,75
99,A,0.24,E,33,sal&sten,sten,4,2,75
99,B,2.24,E,33,sal&sten,sal,4,4,75
99,A,0.08,F,33,sal&sten,sten,4,0,75
99,B,2.13,F,33,sal&sten,sal,4,5,75
102,A,0.16,A,34,sal&sten,sten,4,0,76
102,B,0.06,A,34,sal&sten,sal,4,0,76
102,A,0.11,B,34,sal&sten,sten,4,0,76
102,B,5.58,B,34,sal&sten,sal,4,4,76
102,A,0.04,C,34,sal&sten,sten,4,0,76
102,B,0.07,C,34,sal&sten,sal,4,0,76
102,A,0.14,D,34,sal&sten,sten,4,0,76
102,B,0.33,D,34,sal&sten,sal,4,2,76
102,A,0.26,E,34,sal&sten,sten,4,0,76
102,B,0.11,E,34,sal&sten,sal,4,0,76
102,A,0.08,F,34,sal&sten,sten,4,0,76
102,B,0.09,F,34,sal&sten,sal,4,0,76
105,A,0.07,A,35,sal&sten,sten,4,0,77
105,B,0.18,A,35,sal&sten,sal,4,0,77
105,A,0.19,B,35,sal&sten,sten,4,2,77
105,B,0.11,B,35,sal&sten,sal,4,0,77
105,A,0.16,C,35,sal&sten,sten,4,1,77
105,B,0.04,C,35,sal&sten,sal,4,1,77
105,A,0.13,D,35,sal&sten,sten,4,0,77
105,B,0.09,D,35,sal&sten,sal,4,0,77
105,A,0.14,E,35,sal&sten,sten,4,0,77
105,B,0.08,E,35,sal&sten,sal,4,0,77
105,A,2.11,F,35,sal&sten,sten,4,4,77
105,B,0.19,F,35,sal&sten,sal,4,2,77
108,A,0.1,A,36,sal&sten,sten,4,0,78
108,B,0.08,A,36,sal&sten,sal,4,0,78
108,A,0.2,B,36,sal&sten,sten,4,1,78
108,B,0.17,B,36,sal&sten,sal,4,1,78
108,A,0.11,C,36,sal&sten,sten,4,0,78
108,B,0.11,C,36,sal&sten,sal,4,0,78
108,A,0.1133,D,36,sal&sten,sten,4,0,78
108,B,0.11,D,36,sal&sten,sal,4,0,78
108,A,0.11,E,36,sal&sten,sten,4,1,78
108,B,0.2,E,36,sal&sten,sal,4,1,78
108,A,0.11,F,36,sal&sten,sten,4,0,78
108,B,1.37,F,36,sal&sten,sal,4,3,78
111,A,4.68,A,37,sal&sten,sten,4,5,79
111,B,2.7,A,37,sal&sten,sal,4,5,79
111,A,2.78,B,37,sal&sten,sten,4,4,79
111,B,2.65,B,37,sal&sten,sal,4,5,79
111,A,1,C,37,sal&sten,sten,4,2,79
111,B,NA,C,37,sal&sten,sal,4,3,79
111,A,0.16,D,37,sal&sten,sten,4,0,79
111,B,0.12,D,37,sal&sten,sal,4,2,79
111,A,0.95,E,37,sal&sten,sten,4,3,79
111,B,1,E,37,sal&sten,sal,4,2,79
111,A,1.79,F,37,sal&sten,sten,4,4,79
111,B,1.94,F,37,sal&sten,sal,4,4,79
114,A,0.77,A,38,sal&sten,sten,4,2,80
114,B,6.15,A,38,sal&sten,sal,4,4,80
114,A,0.64,B,38,sal&sten,sten,4,2,80
114,B,6.29,B,38,sal&sten,sal,4,5,80
114,A,0.47,C,38,sal&sten,sten,4,2,80
114,B,3.95,C,38,sal&sten,sal,4,3,80
114,A,0.31,D,38,sal&sten,sten,4,2,80
114,B,3.37,D,38,sal&sten,sal,4,5,80
114,A,0.22,E,38,sal&sten,sten,4,2,80
114,B,6.37,E,38,sal&sten,sal,4,5,80
114,A,0.64,F,38,sal&sten,sten,4,2,80
114,B,3.64,F,38,sal&sten,sal,4,4,80
117,A,0.25,A,39,sal&sten,sten,4,1,81
117,B,0.14,A,39,sal&sten,sal,4,1,81
117,A,0.22,B,39,sal&sten,sten,4,2,81
117,B,0.37,B,39,sal&sten,sal,4,2,81
117,A,0.32,C,39,sal&sten,sten,4,1,81
117,B,1.06,C,39,sal&sten,sal,4,3,81
117,A,0.16,D,39,sal&sten,sten,4,0,81
117,B,0.06,D,39,sal&sten,sal,4,0,81
117,A,0.12,E,39,sal&sten,sten,4,0,81
117,B,0.09,E,39,sal&sten,sal,4,0,81
117,A,0.12,F,39,sal&sten,sten,4,1,81
117,B,0.14,F,39,sal&sten,sal,4,2,81
120,A,0.15,A,40,sal&sten,sten,4,1,82
120,B,0.08,A,40,sal&sten,sal,4,1,82
120,A,0.09,B,40,sal&sten,sten,4,0,82
120,B,0.12,B,40,sal&sten,sal,4,1,82
120,A,0.06,C,40,sal&sten,sten,4,0,82
120,B,0.06,C,40,sal&sten,sal,N-,0,82
120,A,0.0971,D,40,sal&sten,sten,4,0,82
120,B,0.14,D,40,sal&sten,sal,4,0,82
120,A,0.07,E,40,sal&sten,sten,4,0,82
120,B,0.15,E,40,sal&sten,sal,4,2,82
120,A,0.16,F,40,sal&sten,sten,4,0,82
120,B,0.08,F,40,sal&sten,sal,4,0,82
123,A,0.06,A,41,sal&sten,sten,N-,0,83
123,B,0.15,A,41,sal&sten,sal,N-,0,83
123,A,0.19,B,41,sal&sten,sten,N-,0,83
123,B,0.0765,B,41,sal&sten,sal,N-,0,83
123,A,0.12,C,41,sal&sten,sten,N-,0,83
123,B,0.09,C,41,sal&sten,sal,N+,0,83
123,A,0.14,D,41,sal&sten,sten,N-,0,83
123,B,0.21,D,41,sal&sten,sal,N-,2,83
123,A,0.12,E,41,sal&sten,sten,N-,0,83
123,B,0.11,E,41,sal&sten,sal,N-,0,83
123,A,0.1,F,41,sal&sten,sten,N-,0,83
123,B,0.08,F,41,sal&sten,sal,N-,0,83
126,A,0.59,A,42,sal&sten,sten,N+,1,84
126,B,0.29,A,42,sal&sten,sal,N+,0,84
126,A,0.62,B,42,sal&sten,sten,N+,0,84
126,B,0.49,B,42,sal&sten,sal,N+,2,84
126,A,0.52,C,42,sal&sten,sten,N+,0,84
126,B,0.38,C,42,sal&sten,sal,1,0,84
126,A,0.81,D,42,sal&sten,sten,N+,0,84
126,B,0.31,D,42,sal&sten,sal,N+,0,84
126,A,0.51,E,42,sal&sten,sten,N+,0,84
126,B,0.39,E,42,sal&sten,sal,N+,0,84
126,A,0.48,F,42,sal&sten,sten,N+,0,84
126,B,0.55,F,42,sal&sten,sal,N+,2,84
1,A,0.11,A,1,sten,sten,1,0,85
1,B,0.12,A,1,sten,sten,1,0,85
1,A,0.22,B,1,sten,sten,1,1,85
1,B,0.38,B,1,sten,sten,1,2,85
1,A,0.34,C,1,sten,sten,1,2,85
1,B,0.14,C,1,sten,sten,1,1,85
1,A,0.3,D,1,sten,sten,1,2,85
1,B,0.17,D,1,sten,sten,1,1,85
1,A,0.71,E,1,sten,sten,1,3,85
1,B,0.58,E,1,sten,sten,1,3,85
1,A,0.4,F,1,sten,sten,1,2,85
1,B,0.12,F,1,sten,sten,1,1,85
4,A,0.88,A,2,sten,sten,1,4,86
4,B,0.15,A,2,sten,sten,1,4,86
4,A,0.55,B,2,sten,sten,1,3,86
4,B,0.59,B,2,sten,sten,1,3,86
4,A,0.25,C,2,sten,sten,1,3,86
4,B,0.21,C,2,sten,sten,1,2,86
4,A,0.9,D,2,sten,sten,1,3,86
4,B,0.48,D,2,sten,sten,1,3,86
4,A,0.62,E,2,sten,sten,1,3,86
4,B,0.09,E,2,sten,sten,1,1,86
4,A,0.58,F,2,sten,sten,1,3,86
4,B,0.1,F,2,sten,sten,1,1,86
7,A,0.7,A,3,sten,sten,1,3,87
7,B,1.66,A,3,sten,sten,1,3,87
7,A,0.86,B,3,sten,sten,1,4,87
7,B,1.56,B,3,sten,sten,1,4,87
7,A,2.25,C,3,sten,sten,1,3,87
7,B,1.12,C,3,sten,sten,1,3,87
7,A,1.08,D,3,sten,sten,1,4,87
7,B,1.62,D,3,sten,sten,1,4,87
7,A,0.68,E,3,sten,sten,1,3,87
7,B,0.94,E,3,sten,sten,1,3,87
7,A,0.35,F,3,sten,sten,1,3,87
7,B,1.14,F,3,sten,sten,1,3,87
10,A,0.18,A,4,sten,sten,1,0,88
10,B,0.21,A,4,sten,sten,1,0,88
10,A,0.38,B,4,sten,sten,1,0,88
10,B,0.08,B,4,sten,sten,1,0,88
10,A,0.1,C,4,sten,sten,1,0,88
10,B,0.16,C,4,sten,sten,1,0,88
10,A,0.12,D,4,sten,sten,1,0,88
10,B,0.15,D,4,sten,sten,1,0,88
10,A,0.1,E,4,sten,sten,1,0,88
10,B,0.17,E,4,sten,sten,1,0,88
10,A,0.23,F,4,sten,sten,1,0,88
10,B,0.14,F,4,sten,sten,1,0,88
13,A,0.16,A,5,sten,sten,1,1,89
13,B,0.16,A,5,sten,sten,1,2,89
13,A,0.1,B,5,sten,sten,1,1,89
13,B,0.14,B,5,sten,sten,1,1,89
13,A,0.08,C,5,sten,sten,1,2,89
13,B,0.12,C,5,sten,sten,1,2,89
13,A,0.14,D,5,sten,sten,1,1,89
13,B,0.1,D,5,sten,sten,1,1,89
13,A,0.09,E,5,sten,sten,1,1,89
13,B,0.14,E,5,sten,sten,1,1,89
13,A,0.06,F,5,sten,sten,1,1,89
13,B,0.07,F,5,sten,sten,1,1,89
16,A,0.15,A,6,sten,sten,1,0,90
16,B,0.2,A,6,sten,sten,1,0,90
16,A,0.15,B,6,sten,sten,1,0,90
16,B,0.23,B,6,sten,sten,1,0,90
16,A,0.1,C,6,sten,sten,1,0,90
16,B,0.11,C,6,sten,sten,1,0,90
16,A,0.13,D,6,sten,sten,1,0,90
16,B,0.14,D,6,sten,sten,1,0,90
16,A,0.12,E,6,sten,sten,1,0,90
16,B,0.15,E,6,sten,sten,1,0,90
16,A,0.11,F,6,sten,sten,1,0,90
16,B,0.14,F,6,sten,sten,1,0,90
19,A,0.18,A,7,sten,sten,1,0,91
19,B,0.22,A,7,sten,sten,1,0,91
19,A,0.26,B,7,sten,sten,1,0,91
19,B,0.19,B,7,sten,sten,1,0,91
19,A,0.37,C,7,sten,sten,1,2,91
19,B,0.9,C,7,sten,sten,1,2,91
19,A,0.09,D,7,sten,sten,1,0,91
19,B,0.06,D,7,sten,sten,1,0,91
19,A,0.08,E,7,sten,sten,1,0,91
19,B,0.15,E,7,sten,sten,1,0,91
19,A,0.15,F,7,sten,sten,1,0,91
19,B,0.15,F,7,sten,sten,1,0,91
22,A,0.2,A,8,sten,sten,1,0,92
22,B,0.13,A,8,sten,sten,1,0,92
22,A,0.12,B,8,sten,sten,1,0,92
22,B,0.26,B,8,sten,sten,1,1,92
22,A,0.065,C,8,sten,sten,1,0,92
22,B,0.1,C,8,sten,sten,1,0,92
22,A,0.15,D,8,sten,sten,1,0,92
22,B,0.1,D,8,sten,sten,1,0,92
22,A,0.43,E,8,sten,sten,1,2,92
22,B,0.06,E,8,sten,sten,1,0,92
22,A,0.18,F,8,sten,sten,1,0,92
22,B,0.1,F,8,sten,sten,1,0,92
25,A,2.97,A,9,sten,sten,1,5,93
25,B,2.79,A,9,sten,sten,1,5,93
25,A,3.47,B,9,sten,sten,1,5,93
25,B,2.82,B,9,sten,sten,1,5,93
25,A,5.09,C,9,sten,sten,1,5,93
25,B,2.02,C,9,sten,sten,1,5,93
25,A,1.8,D,9,sten,sten,1,4,93
25,B,3.18,D,9,sten,sten,1,5,93
25,A,2.31,E,9,sten,sten,1,4,93
25,B,2.63,E,9,sten,sten,1,4,93
25,A,1.56,F,9,sten,sten,1,5,93
25,B,2.08,F,9,sten,sten,1,5,93
28,A,0.2,A,10,sten,sten,1,0,94
28,B,0.12,A,10,sten,sten,1,0,94
28,A,0.4,B,10,sten,sten,1,0,94
28,B,0.16,B,10,sten,sten,1,0,94
28,A,1.25,C,10,sten,sten,1,3,94
28,B,0.36,C,10,sten,sten,1,2,94
28,A,0.69,D,10,sten,sten,1,2,94
28,B,0.4,D,10,sten,sten,1,2,94
28,A,0.19,E,10,sten,sten,1,0,94
28,B,0.1,E,10,sten,sten,1,0,94
28,A,0.25,F,10,sten,sten,1,0,94
28,B,0.17,F,10,sten,sten,1,0,94
31,A,0.2,A,11,sten,sten,1,0,95
31,B,0.18,A,11,sten,sten,1,1,95
31,A,0.02,B,11,sten,sten,1,0,95
31,B,0.11,B,11,sten,sten,1,0,95
31,A,0.19,C,11,sten,sten,1,0,95
31,B,0.0659,C,11,sten,sten,1,0,95
31,A,0.2,D,11,sten,sten,1,0,95
31,B,0.12,D,11,sten,sten,1,0,95
31,A,0.1,E,11,sten,sten,1,0,95
31,B,0.36,E,11,sten,sten,1,0,95
31,A,0.17,F,11,sten,sten,1,2,95
31,B,1.47,F,11,sten,sten,1,0,95
34,A,3.72,A,12,sten,sten,1,5,96
34,B,3.68,A,12,sten,sten,1,5,96
34,A,3.42,B,12,sten,sten,1,5,96
34,B,2.72,B,12,sten,sten,1,4,96
33,A,0.13,C,12,sten,sten,1,0,96
34,B,3.67,C,12,sten,sten,1,4,96
34,A,2.66,D,12,sten,sten,1,5,96
34,B,2.53,D,12,sten,sten,1,4,96
34,A,1.27,E,12,sten,sten,1,5,96
34,B,3.02,E,12,sten,sten,1,5,96
34,A,1.89,F,12,sten,sten,1,4,96
34,B,1.5,F,12,sten,sten,1,3,96
37,A,2.19,A,13,sten,sten,1,3,97
37,B,0.24,A,13,sten,sten,1,0,97
37,A,1.66,B,13,sten,sten,1,4,97
37,B,0.14,B,13,sten,sten,1,0,97
36,A,2.42,C,13,sten,sten,1,4,97
37,B,0.98,C,13,sten,sten,1,2,97
37,A,0.61,D,13,sten,sten,1,3,97
37,B,0.03,D,13,sten,sten,1,0,97
37,A,0.35,E,13,sten,sten,1,2,97
37,B,0.86,E,13,sten,sten,1,3,97
37,A,0.08,F,13,sten,sten,1,1,97
37,B,1.7,F,13,sten,sten,1,3,97
40,A,3.54,A,14,sten,sten,1,4,98
40,B,3.69,A,14,sten,sten,1,4,98
40,A,5.75,B,14,sten,sten,1,5,98
40,B,2.24,B,14,sten,sten,1,4,98
39,A,0.77,C,14,sten,sten,1,3,98
40,B,5.46,C,14,sten,sten,1,4,98
40,A,5.32,D,14,sten,sten,1,5,98
40,B,5.14,D,14,sten,sten,1,4,98
40,A,2.81,E,14,sten,sten,1,5,98
40,B,4.95,E,14,sten,sten,1,5,98
40,A,2.87,F,14,sten,sten,1,5,98
40,B,2.29,F,14,sten,sten,1,4,98
43,A,0.13,A,15,sten,sten,1,0,99
43,B,0.1,A,15,sten,sten,1,0,99
43,A,0.26,B,15,sten,sten,1,0,99
43,B,0.1,B,15,sten,sten,1,0,99
42,A,1.16,C,15,sten,sten,1,2,99
43,B,0.11,C,15,sten,sten,1,0,99
43,A,0.25,D,15,sten,sten,1,0,99
43,B,0.1,D,15,sten,sten,1,0,99
43,A,0.07,E,15,sten,sten,1,0,99
43,B,0.08,E,15,sten,sten,1,0,99
43,A,0.17,F,15,sten,sten,1,0,99
43,B,0.19,F,15,sten,sten,1,0,99
46,A,0.11,A,16,sten,sten,1,0,100
46,B,0.09,A,16,sten,sten,1,0,100
46,A,0.26,B,16,sten,sten,1,0,100
46,B,0.06,B,16,sten,sten,1,0,100
45,A,0.07,C,16,sten,sten,1,0,100
46,B,0.1,C,16,sten,sten,1,0,100
46,A,0.15,D,16,sten,sten,1,0,100
46,B,0.0599,D,16,sten,sten,1,0,100
46,A,0.11,E,16,sten,sten,1,0,100
46,B,0.07,E,16,sten,sten,1,0,100
46,A,NA,F,16,sten,sten,1,NA,100
46,B,NA,F,16,sten,sten,1,NA,100
49,A,0.01,A,17,sten,sten,2,0,101
49,B,0.19,A,17,sten,sten,2,0,101
49,A,0.12,B,17,sten,sten,2,0,101
49,B,0.13,B,17,sten,sten,2,0,101
49,A,0.1,C,17,sten,sten,2,0,101
49,B,0.13,C,17,sten,sten,2,0,101
49,A,0.06,D,17,sten,sten,2,0,101
49,B,0.17,D,17,sten,sten,2,0,101
49,A,0.02,E,17,sten,sten,2,0,101
49,B,0.1,E,17,sten,sten,2,0,101
49,A,0.11,F,17,sten,sten,2,0,101
49,B,0.2,F,17,sten,sten,2,0,101
52,A,1.43,A,18,sten,sten,2,4,102
52,B,0.54,A,18,sten,sten,2,3,102
52,A,0.15,B,18,sten,sten,2,1,102
52,B,0.65,B,18,sten,sten,2,3,102
52,A,0.32,C,18,sten,sten,2,1,102
52,B,0.12,C,18,sten,sten,2,0,102
52,A,0.26,D,18,sten,sten,2,1,102
52,B,1.1,D,18,sten,sten,2,3,102
52,A,0.22,E,18,sten,sten,2,3,102
52,B,1.06,E,18,sten,sten,2,3,102
52,A,0.22,F,18,sten,sten,2,2,102
52,B,0.21,F,18,sten,sten,2,4,102
55,A,0.08,A,19,sten,sten,2,0,103
55,B,0.34,A,19,sten,sten,2,0,103
55,A,0.0815,B,19,sten,sten,2,0,103
55,B,0.0988,B,19,sten,sten,2,0,103
55,A,NA,C,19,sten,sten,2,0,103
55,B,0.08,C,19,sten,sten,2,0,103
55,A,0.14,D,19,sten,sten,2,0,103
55,B,0.13,D,19,sten,sten,2,0,103
55,A,0.11,E,19,sten,sten,2,0,103
55,B,0.15,E,19,sten,sten,2,0,103
55,A,0.14,F,19,sten,sten,2,0,103
55,B,0.08,F,19,sten,sten,2,0,103
58,A,0.15,A,20,sten,sten,2,0,104
58,B,0.19,A,20,sten,sten,2,0,104
58,A,0.08,B,20,sten,sten,2,0,104
58,B,0.16,B,20,sten,sten,2,0,104
58,A,0.08,C,20,sten,sten,2,0,104
58,B,0.12,C,20,sten,sten,2,0,104
58,A,0.07,D,20,sten,sten,2,0,104
58,B,0.09,D,20,sten,sten,2,0,104
58,A,0.1,E,20,sten,sten,2,0,104
58,B,0.18,E,20,sten,sten,2,0,104
58,A,0.12,F,20,sten,sten,2,0,104
58,B,0.08,F,20,sten,sten,2,0,104
61,A,0.16,A,21,sten,sten,2,0,105
61,B,0.21,A,21,sten,sten,2,0,105
61,A,NA,B,21,sten,sten,2,0,105
61,B,0.2,B,21,sten,sten,2,0,105
61,A,0.11,C,21,sten,sten,2,0,105
61,B,0.14,C,21,sten,sten,2,0,105
61,A,0.15,D,21,sten,sten,2,0,105
61,B,0.18,D,21,sten,sten,2,0,105
61,A,0.19,E,21,sten,sten,2,0,105
61,B,0.15,E,21,sten,sten,2,0,105
61,A,0.15,F,21,sten,sten,2,0,105
61,B,0.04,F,21,sten,sten,2,0,105
64,A,0.19,A,22,sten,sten,2,0,106
64,B,0.16,A,22,sten,sten,2,0,106
64,A,0.2,B,22,sten,sten,2,0,106
64,B,0.15,B,22,sten,sten,2,0,106
64,A,0.13,C,22,sten,sten,2,0,106
64,B,0.14,C,22,sten,sten,2,0,106
64,A,0.13,D,22,sten,sten,2,0,106
64,B,0.18,D,22,sten,sten,2,0,106
64,A,0.05,E,22,sten,sten,2,0,106
64,B,0.11,E,22,sten,sten,2,0,106
64,A,0.1,F,22,sten,sten,2,0,106
64,B,0.16,F,22,sten,sten,2,0,106
67,A,0.09,A,23,sten,sten,2,0,107
67,B,0.18,A,23,sten,sten,2,0,107
67,A,0.13,B,23,sten,sten,2,0,107
67,B,0.18,B,23,sten,sten,2,0,107
67,A,0.17,C,23,sten,sten,2,0,107
67,B,0.09,C,23,sten,sten,2,0,107
67,A,0.14,D,23,sten,sten,2,0,107
67,B,0.19,D,23,sten,sten,2,2,107
67,A,1,E,23,sten,sten,2,3,107
67,B,0.16,E,23,sten,sten,2,1,107
67,A,0.13,F,23,sten,sten,2,0,107
67,B,1.44,F,23,sten,sten,2,0,107
70,A,0.13,A,24,sten,sten,2,0,108
70,B,0.2,A,24,sten,sten,2,0,108
70,A,0.06,B,24,sten,sten,2,0,108
71,B,0.03,B,24,sten,sten,2,0,108
70,A,0.07,C,24,sten,sten,2,0,108
70,B,0.1967,C,24,sten,sten,2,0,108
70,A,0.15,D,24,sten,sten,2,0,108
70,B,0.16,D,24,sten,sten,2,0,108
70,A,0.13,E,24,sten,sten,2,0,108
70,B,0.07,E,24,sten,sten,2,0,108
70,A,0.05,F,24,sten,sten,2,0,108
70,B,0.06,F,24,sten,sten,2,0,108
73,A,0.12,A,25,sten,sten,2,0,109
73,B,0.12,A,25,sten,sten,2,0,109
73,A,0.07,B,25,sten,sten,2,3,109
73,B,0.18,B,25,sten,sten,2,0,109
73,A,0.11,C,25,sten,sten,2,0,109
73,B,0.03,C,25,sten,sten,2,0,109
73,A,0.1,D,25,sten,sten,2,0,109
73,B,0.0506,D,25,sten,sten,2,0,109
73,A,0.11,E,25,sten,sten,2,0,109
73,B,0.1,E,25,sten,sten,2,0,109
73,A,0.25,F,25,sten,sten,2,0,109
73,B,0.17,F,25,sten,sten,2,0,109
76,A,0.14,A,26,sten,sten,2,0,110
76,B,0.15,A,26,sten,sten,2,0,110
76,A,0.17,B,26,sten,sten,2,0,110
76,B,0.11,B,26,sten,sten,2,1,110
76,A,0.07,C,26,sten,sten,2,0,110
76,B,0.09,C,26,sten,sten,2,0,110
76,A,0.1,D,26,sten,sten,2,0,110
76,B,NA,D,26,sten,sten,2,0,110
76,A,0.07,E,26,sten,sten,2,0,110
76,B,0.14,E,26,sten,sten,2,0,110
76,A,0.08,F,26,sten,sten,2,0,110
76,B,0.07,F,26,sten,sten,2,0,110
79,A,0.07,A,27,sten,sten,2,0,111
79,B,0.09,A,27,sten,sten,2,0,111
79,A,0.1,B,27,sten,sten,2,0,111
79,B,0.11,B,27,sten,sten,2,0,111
79,A,0.09,C,27,sten,sten,2,0,111
79,B,0.14,C,27,sten,sten,2,0,111
79,A,0.19,D,27,sten,sten,2,0,111
79,B,0.15,D,27,sten,sten,2,0,111
79,A,0.1,E,27,sten,sten,2,1,111
79,B,0.1,E,27,sten,sten,2,1,111
79,A,0.09,F,27,sten,sten,2,0,111
79,B,0.1,F,27,sten,sten,2,0,111
82,A,1.73,A,28,sten,sten,2,4,112
82,B,1.16,A,28,sten,sten,2,4,112
82,A,1.98,B,28,sten,sten,2,4,112
82,B,1.05,B,28,sten,sten,2,3,112
82,A,0.7,C,28,sten,sten,2,2,112
82,B,0.3,C,28,sten,sten,2,2,112
82,A,1.25,D,28,sten,sten,2,4,112
82,B,1.76,D,28,sten,sten,2,4,112
82,A,1.58,E,28,sten,sten,2,4,112
82,B,0.69,E,28,sten,sten,2,3,112
82,A,0.14,F,28,sten,sten,2,2,112
82,B,0.86,F,28,sten,sten,2,3,112
85,A,NA,A,29,sten,sten,2,NA,113
85,B,1.68,A,29,sten,sten,2,4,113
85,A,0.17,B,29,sten,sten,2,0,113
85,B,0.0949,B,29,sten,sten,2,0,113
85,A,0.11,C,29,sten,sten,2,0,113
85,B,0.12,C,29,sten,sten,2,1,113
85,A,0.16,D,29,sten,sten,2,0,113
85,B,0.17,D,29,sten,sten,2,0,113
85,A,0.06,E,29,sten,sten,2,0,113
85,B,0.12,E,29,sten,sten,2,0,113
85,A,0.18,F,29,sten,sten,2,0,113
85,B,0.09,F,29,sten,sten,2,0,113
88,A,0.28,A,30,sten,sten,2,1,114
88,B,1.15,A,30,sten,sten,2,3,114
88,A,2.36,B,30,sten,sten,2,4,114
88,B,2.51,B,30,sten,sten,2,4,114
88,A,2.13,C,30,sten,sten,2,4,114
88,B,2.66,C,30,sten,sten,2,4,114
88,A,0.38,D,30,sten,sten,2,3,114
88,B,0.07,D,30,sten,sten,2,0,114
88,A,1.37,E,30,sten,sten,2,0,114
88,B,1.41,E,30,sten,sten,2,0,114
88,A,0.82,F,30,sten,sten,2,3,114
88,B,0.15,F,30,sten,sten,2,0,114
91,A,0.16,A,31,sten,sten,2,3,115
91,B,0.12,A,31,sten,sten,2,0,115
91,A,0.15,B,31,sten,sten,2,0,115
91,B,0.15,B,31,sten,sten,2,0,115
91,A,0.08,C,31,sten,sten,2,0,115
91,B,0.07,C,31,sten,sten,2,0,115
91,A,0.1,D,31,sten,sten,2,0,115
91,B,0.21,D,31,sten,sten,2,0,115
91,A,0.14,E,31,sten,sten,2,0,115
91,B,0.01,E,31,sten,sten,2,0,115
91,A,0.06,F,31,sten,sten,2,1,115
91,B,0.1,F,31,sten,sten,2,0,115
94,A,0.21,A,32,sten,sten,2,0,116
94,B,0.21,A,32,sten,sten,2,0,116
94,A,0.15,B,32,sten,sten,2,0,116
94,B,0.12,B,32,sten,sten,2,0,116
94,A,0.06,C,32,sten,sten,2,1,116
94,B,0.11,C,32,sten,sten,2,0,116
94,A,0.11,D,32,sten,sten,2,0,116
94,B,0.08,D,32,sten,sten,2,0,116
94,A,0.12,E,32,sten,sten,2,0,116
94,B,0.22,E,32,sten,sten,2,0,116
94,A,0.2,F,32,sten,sten,2,3,116
94,B,0.01,F,32,sten,sten,2,0,116
97,A,0.14,A,33,sten,sten,4,0,117
97,B,0.53,A,33,sten,sten,4,2,117
97,A,0.26,B,33,sten,sten,4,2,117
97,B,0.13,B,33,sten,sten,4,0,117
97,A,0.08,C,33,sten,sten,4,1,117
97,B,0.08,C,33,sten,sten,4,0,117
97,A,0.18,D,33,sten,sten,4,1,117
97,B,0.23,D,33,sten,sten,4,2,117
97,A,0.12,E,33,sten,sten,4,2,117
97,B,0.13,E,33,sten,sten,4,2,117
97,A,0.38,F,33,sten,sten,4,3,117
97,B,0.1,F,33,sten,sten,4,1,117
100,A,0.1,A,34,sten,sten,4,0,118
100,B,0.23,A,34,sten,sten,4,0,118
100,A,0.12,B,34,sten,sten,4,0,118
100,B,0.09,B,34,sten,sten,4,0,118
100,A,0.16,C,34,sten,sten,4,0,118
100,B,0.07,C,34,sten,sten,4,0,118
100,A,0.12,D,34,sten,sten,4,0,118
100,B,0.18,D,34,sten,sten,4,0,118
100,A,0.09,E,34,sten,sten,4,0,118
100,B,0.12,E,34,sten,sten,4,0,118
100,A,0.11,F,34,sten,sten,4,0,118
100,B,0.02,F,34,sten,sten,4,0,118
103,A,0.12,A,35,sten,sten,4,0,119
103,B,0.14,A,35,sten,sten,4,0,119
103,A,0.32,B,35,sten,sten,4,2,119
103,B,1.2,B,35,sten,sten,4,3,119
103,A,1.75,C,35,sten,sten,4,4,119
103,B,0.07,C,35,sten,sten,4,1,119
103,A,3.02,D,35,sten,sten,4,4,119
103,B,1.98,D,35,sten,sten,4,3,119
103,A,0.09,E,35,sten,sten,4,0,119
103,B,0.11,E,35,sten,sten,4,0,119
103,A,2.81,F,35,sten,sten,4,4,119
103,B,1.09,F,35,sten,sten,4,2,119
106,A,0.14,A,36,sten,sten,4,2,120
106,B,0.16,A,36,sten,sten,4,0,120
106,A,0.15,B,36,sten,sten,4,0,120
106,B,0.37,B,36,sten,sten,4,2,120
106,A,0.67,C,36,sten,sten,4,0,120
106,B,0.14,C,36,sten,sten,4,2,120
106,A,0.73,D,36,sten,sten,4,3,120
106,B,0.07,D,36,sten,sten,4,0,120
106,A,0.11,E,36,sten,sten,4,1,120
106,B,1.76,E,36,sten,sten,4,4,120
106,A,1.31,F,36,sten,sten,4,3,120
106,B,2.31,F,36,sten,sten,4,4,120
109,A,0.32,A,37,sten,sten,4,2,121
109,B,2.61,A,37,sten,sten,4,4,121
109,A,1.99,B,37,sten,sten,4,4,121
109,B,0.22,B,37,sten,sten,4,1,121
109,A,1.73,C,37,sten,sten,4,4,121
109,B,0.25,C,37,sten,sten,4,1,121
109,A,2.52,D,37,sten,sten,4,5,121
109,B,1.66,D,37,sten,sten,4,4,121
109,A,2.15,E,37,sten,sten,4,4,121
109,B,1.55,E,37,sten,sten,4,4,121
109,A,3,F,37,sten,sten,4,5,121
109,B,0.02,F,37,sten,sten,4,0,121
112,A,1.48,A,38,sten,sten,4,3,122
112,B,1.19,A,38,sten,sten,4,3,122
112,A,0.96,B,38,sten,sten,4,3,122
112,B,0.41,B,38,sten,sten,4,3,122
112,A,0.066,C,38,sten,sten,4,0,122
112,B,0.68,C,38,sten,sten,4,2,122
112,A,0.04,D,38,sten,sten,4,0,122
112,B,0.21,D,38,sten,sten,4,0,122
112,A,0.21,E,38,sten,sten,4,3,122
112,B,0.58,E,38,sten,sten,4,3,122
112,A,0.13,F,38,sten,sten,4,0,122
112,B,0.11,F,38,sten,sten,4,0,122
115,A,0.24,A,39,sten,sten,4,2,123
115,B,0.11,A,39,sten,sten,4,0,123
115,A,0.2,B,39,sten,sten,4,1,123
115,B,0.16,B,39,sten,sten,4,1,123
115,A,0.07,C,39,sten,sten,4,0,123
115,B,0.17,C,39,sten,sten,4,0,123
115,A,0.2,D,39,sten,sten,4,1,123
115,B,0.1,D,39,sten,sten,4,0,123
115,A,0.13,E,39,sten,sten,4,1,123
115,B,0.12,E,39,sten,sten,4,1,123
115,A,0.1,F,39,sten,sten,4,0,123
115,B,0.1,F,39,sten,sten,4,1,123
118,A,0.11,A,40,sten,sten,4,1,124
118,B,0.12,A,40,sten,sten,4,1,124
118,A,0.23,B,40,sten,sten,4,2,124
118,B,0.17,B,40,sten,sten,4,1,124
118,A,0.03,C,40,sten,sten,4,1,124
118,B,0.07,C,40,sten,sten,4,1,124
118,A,0.13,D,40,sten,sten,4,0,124
118,B,0.14,D,40,sten,sten,4,0,124
118,A,0.09,E,40,sten,sten,4,1,124
118,B,0.2,E,40,sten,sten,4,1,124
118,A,0.19,F,40,sten,sten,4,1,124
118,B,0.17,F,40,sten,sten,4,1,124
121,A,0.21,A,41,sten,sten,N-,1,125
121,B,0.16,A,41,sten,sten,N-,0,125
121,A,0.13,B,41,sten,sten,N-,0,125
121,B,0.07,B,41,sten,sten,N-,0,125
121,A,0.19,C,41,sten,sten,N-,0,125
121,B,0.15,C,41,sten,sten,N-,0,125
121,A,0.16,D,41,sten,sten,N-,0,125
121,B,0.15,D,41,sten,sten,N-,0,125
121,A,0.08,E,41,sten,sten,N-,0,125
121,B,0.11,E,41,sten,sten,N-,0,125
121,A,0.06,F,41,sten,sten,N-,0,125
121,B,0.11,F,41,sten,sten,N-,0,125
124,A,0.45,A,42,sten,sten,N+,0,126
124,B,0.53,A,42,sten,sten,N+,0,126
124,A,0.65,B,42,sten,sten,N+,0,126
124,B,0.77,B,42,sten,sten,N+,0,126
124,A,0.6,C,42,sten,sten,N+,0,126
124,B,0.68,C,42,sten,sten,N+,0,126
124,A,0.28,D,42,sten,sten,N+,0,126
124,B,0.47,D,42,sten,sten,N+,0,126
124,A,0.7,E,42,sten,sten,N+,0,126
124,B,0.42,E,42,sten,sten,N+,0,126
124,A,0.28,F,42,sten,sten,N+,1,126
124,B,0.78,F,42,sten,sten,N+,0,126
