bact.trt,Plant,Wt,Block,host.trt,species,n.strains,nodulation,rhiz.strain,rhiz.genus,bact.div
1,A,6.38,A,sal,sal,1,5,A1,brady,1
1,B,2.23,A,sal,sal,1,5,A1,brady,1
1,A,1.88,B,sal,sal,1,4,A1,brady,1
1,B,0.17,B,sal,sal,1,1,A1,brady,1
1,A,3.08,C,sal,sal,1,5,A1,brady,1
1,B,4.65,C,sal,sal,1,5,A1,brady,1
1,A,4.58,D,sal,sal,1,5,A1,brady,1
1,B,5.56,D,sal,sal,1,5,A1,brady,1
1,A,2.09,E,sal,sal,1,5,A1,brady,1
1,B,2.91,E,sal,sal,1,5,A1,brady,1
1,A,6.09,F,sal,sal,1,5,A1,brady,1
1,B,4.18,F,sal,sal,1,4,A1,brady,1
1,A,0.1,D,sal&sten,sten,1,0,A1,brady,1
1,B,5.61,D,sal&sten,sal,1,5,A1,brady,1
1,A,0.18,E,sal&sten,sten,1,2,A1,brady,1
1,B,2.97,E,sal&sten,sal,1,4,A1,brady,1
1,A,0.69,F,sal&sten,sten,1,3,A1,brady,1
1,B,7.08,F,sal&sten,sal,1,5,A1,brady,1
1,A,0.3,D,sten,sten,1,2,A1,brady,1
1,A,0.29,A,sal&sten,sten,1,2,A1,brady,1
1,B,5.04,A,sal&sten,sal,1,5,A1,brady,1
1,A,0.07,B,sal&sten,sten,1,0,A1,brady,1
1,B,5.71,B,sal&sten,sal,1,5,A1,brady,1
1,A,0.16,C,sal&sten,sten,1,1,A1,brady,1
1,B,4.88,C,sal&sten,sal,1,4,A1,brady,1
1,A,0.11,A,sten,sten,1,0,A1,brady,1
1,B,0.12,A,sten,sten,1,0,A1,brady,1
1,A,0.22,B,sten,sten,1,1,A1,brady,1
1,B,0.38,B,sten,sten,1,2,A1,brady,1
1,A,0.34,C,sten,sten,1,2,A1,brady,1
1,B,0.14,C,sten,sten,1,1,A1,brady,1
1,A,0.4,F,sten,sten,1,2,A1,brady,1
1,B,0.17,D,sten,sten,1,1,A1,brady,1
1,A,0.71,E,sten,sten,1,3,A1,brady,1
1,B,0.58,E,sten,sten,1,3,A1,brady,1
1,B,0.12,F,sten,sten,1,1,A1,brady,1
10,B,0.16,B,sten,sten,1,0,C2,rhizo,1
10,A,1.25,C,sten,sten,1,3,C2,rhizo,1
10,A,0.69,D,sten,sten,1,2,C2,rhizo,1
10,B,0.4,D,sten,sten,1,2,C2,rhizo,1
10,A,0.19,E,sten,sten,1,0,C2,rhizo,1
10,B,0.36,C,sten,sten,1,2,C2,rhizo,1
10,A,0.25,F,sten,sten,1,0,C2,rhizo,1
10,B,0.17,F,sten,sten,1,0,C2,rhizo,1
10,B,0.06,E,sal,sal,1,0,C2,rhizo,1
10,B,0.1,E,sten,sten,1,0,C2,rhizo,1
10,A,0.09,D,sal&sten,sten,1,0,C2,rhizo,1
10,B,0.09,D,sal&sten,sal,1,2,C2,rhizo,1
10,A,0.13,E,sal&sten,sten,1,0,C2,rhizo,1
10,B,0.11,E,sal&sten,sal,1,0,C2,rhizo,1
10,A,0.14,F,sal&sten,sten,1,1,C2,rhizo,1
10,B,0.07,F,sal&sten,sal,1,1,C2,rhizo,1
10,B,0.01,B,sal,sal,1,0,C2,rhizo,1
10,A,0.21,A,sal&sten,sten,1,0,C2,rhizo,1
10,B,0.84,A,sal&sten,sal,1,2,C2,rhizo,1
10,A,0.14,B,sal&sten,sten,1,0,C2,rhizo,1
10,B,0.09,B,sal&sten,sal,1,0,C2,rhizo,1
10,A,0.15,C,sal&sten,sten,1,0,C2,rhizo,1
10,B,0.13,C,sal&sten,sal,1,0,C2,rhizo,1
10,A,0.2,A,sten,sten,1,0,C2,rhizo,1
10,B,0.12,A,sten,sten,1,0,C2,rhizo,1
10,A,0.4,B,sten,sten,1,0,C2,rhizo,1
10,A,NA,A,sal,sal,1,0,C2,rhizo,1
10,B,0.37,A,sal,sal,1,1,C2,rhizo,1
10,A,0.12,B,sal,sal,1,0,C2,rhizo,1
10,B,0.07,D,sal,sal,1,0,C2,rhizo,1
10,A,0.02,C,sal,sal,1,0,C2,rhizo,1
10,B,0.02,C,sal,sal,1,0,C2,rhizo,1
10,A,0.06,D,sal,sal,1,0,C2,rhizo,1
10,B,0.02,F,sal,sal,1,0,C2,rhizo,1
10,A,0.07,E,sal,sal,1,0,C2,rhizo,1
10,A,0.07,F,sal,sal,1,0,C2,rhizo,1
11,A,0.2,A,sten,sten,1,0,C3,rhizo,1
11,A,0.2,A,sal&sten,sten,1,0,C3,rhizo,1
11,A,0.11,A,sal,sal,1,0,C3,rhizo,1
11,B,0.11,A,sal,sal,1,0,C3,rhizo,1
11,A,0.08,B,sal,sal,1,0,C3,rhizo,1
11,B,0.0678,B,sal,sal,1,0,C3,rhizo,1
11,A,0.06,C,sal,sal,1,0,C3,rhizo,1
11,B,0.07,C,sal,sal,1,0,C3,rhizo,1
11,A,0.0694,D,sal,sal,1,0,C3,rhizo,1
11,B,0.1,D,sal,sal,1,0,C3,rhizo,1
11,A,0.12,E,sal,sal,1,0,C3,rhizo,1
11,B,0.05,E,sal,sal,1,0,C3,rhizo,1
11,A,0.08,F,sal,sal,1,0,C3,rhizo,1
11,B,0.1,F,sal,sal,1,0,C3,rhizo,1
11,A,0.1,D,sal&sten,sten,1,0,C3,rhizo,1
11,B,0.08,D,sal&sten,sal,1,0,C3,rhizo,1
11,A,0.13,E,sal&sten,sten,1,0,C3,rhizo,1
11,B,0.09,E,sal&sten,sal,1,0,C3,rhizo,1
11,A,0.36,F,sal&sten,sten,1,2,C3,rhizo,1
11,B,0.1,F,sal&sten,sal,1,0,C3,rhizo,1
11,A,0.2,D,sten,sten,1,0,C3,rhizo,1
11,B,0.12,D,sten,sten,1,0,C3,rhizo,1
11,B,0.03,A,sal&sten,sal,1,0,C3,rhizo,1
11,A,0.18,B,sal&sten,sten,1,0,C3,rhizo,1
11,B,0.08,B,sal&sten,sal,1,0,C3,rhizo,1
11,A,0.11,C,sal&sten,sten,1,0,C3,rhizo,1
11,B,0.15,C,sal&sten,sal,1,0,C3,rhizo,1
11,A,0.19,C,sten,sten,1,0,C3,rhizo,1
11,B,0.18,A,sten,sten,1,1,C3,rhizo,1
11,A,0.02,B,sten,sten,1,0,C3,rhizo,1
11,B,0.11,B,sten,sten,1,0,C3,rhizo,1
11,A,0.1,E,sten,sten,1,0,C3,rhizo,1
11,B,0.0659,C,sten,sten,1,0,C3,rhizo,1
11,A,0.17,F,sten,sten,1,2,C3,rhizo,1
11,B,1.47,F,sten,sten,1,0,C3,rhizo,1
11,B,0.36,E,sten,sten,1,0,C3,rhizo,1
12,A,2.42,A,sal,sal,1,5,C4,rhizo,1
12,A,2.7,D,sal,sal,1,5,C4,rhizo,1
12,B,3.54,D,sal,sal,1,4,C4,rhizo,1
12,A,4.09,D,sal&sten,sten,1,5,C4,rhizo,1
12,B,2.65,D,sal&sten,sal,1,4,C4,rhizo,1
12,B,2.5,A,sal,sal,1,4,C4,rhizo,1
12,A,3.29,B,sal,sal,1,3,C4,rhizo,1
12,B,3.18,B,sal,sal,1,5,C4,rhizo,1
12,A,2.94,C,sal,sal,1,4,C4,rhizo,1
12,B,3.14,C,sal,sal,1,5,C4,rhizo,1
12,A,2.04,A,sal&sten,sten,1,4,C4,rhizo,1
12,B,3.32,A,sal&sten,sal,1,3,C4,rhizo,1
12,A,2.21,B,sal&sten,sten,1,4,C4,rhizo,1
12,B,3.62,B,sal&sten,sal,1,4,C4,rhizo,1
12,A,2.33,C,sal&sten,sten,1,4,C4,rhizo,1
12,B,NA,C,sal&sten,sal,1,NA,C4,rhizo,1
12,A,3.72,A,sten,sten,1,5,C4,rhizo,1
12,B,3.68,A,sten,sten,1,5,C4,rhizo,1
12,A,3.42,B,sten,sten,1,5,C4,rhizo,1
12,B,2.72,B,sten,sten,1,4,C4,rhizo,1
12,A,0.13,C,sten,sten,1,0,C4,rhizo,1
12,B,3.67,C,sten,sten,1,4,C4,rhizo,1
12,A,2.66,D,sten,sten,1,5,C4,rhizo,1
12,B,2.53,D,sten,sten,1,4,C4,rhizo,1
12,A,1.27,E,sten,sten,1,5,C4,rhizo,1
12,B,3.02,E,sten,sten,1,5,C4,rhizo,1
12,A,1.89,F,sten,sten,1,4,C4,rhizo,1
12,B,1.5,F,sten,sten,1,3,C4,rhizo,1
12,A,1.73,E,sal,sal,1,3,C4,rhizo,1
12,B,1.7,E,sal,sal,1,4,C4,rhizo,1
12,A,2.47,F,sal,sal,1,5,C4,rhizo,1
12,B,1.7,F,sal,sal,1,4,C4,rhizo,1
12,A,2.59,F,sal&sten,sten,1,5,C4,rhizo,1
12,B,0.68,F,sal&sten,sal,1,3,C4,rhizo,1
12,A,0.99,E,sal&sten,sten,1,5,C4,rhizo,1
12,B,1.35,E,sal&sten,sal,1,4,C4,rhizo,1
13,A,2.42,C,sten,sten,1,4,D1,sino,1
13,B,0.98,C,sten,sten,1,2,D1,sino,1
13,A,0.08,F,sten,sten,1,1,D1,sino,1
13,B,1.7,F,sten,sten,1,3,D1,sino,1
13,A,0.1,E,sal,sal,1,0,D1,sino,1
13,B,0.11,E,sal,sal,1,0,D1,sino,1
13,A,0.12,F,sal,sal,1,0,D1,sino,1
13,B,0.25,F,sal,sal,1,2,D1,sino,1
13,A,2.46,D,sal&sten,sten,1,4,D1,sino,1
13,B,2.95,D,sal&sten,sal,1,4,D1,sino,1
13,A,1.99,E,sal&sten,sten,1,4,D1,sino,1
13,A,0.61,D,sten,sten,1,3,D1,sino,1
13,B,0.03,D,sten,sten,1,0,D1,sino,1
13,A,0.35,E,sten,sten,1,2,D1,sino,1
13,B,0.86,E,sten,sten,1,3,D1,sino,1
13,A,0.28,A,sal&sten,sten,1,2,D1,sino,1
13,B,0.1,A,sal&sten,sal,1,0,D1,sino,1
13,A,1.13,B,sal&sten,sten,1,3,D1,sino,1
13,B,0.06,B,sal&sten,sal,1,0,D1,sino,1
13,A,0.07,C,sal&sten,sten,1,1,D1,sino,1
13,B,1.26,C,sal&sten,sal,1,3,D1,sino,1
13,A,1.66,B,sten,sten,1,4,D1,sino,1
13,B,0.14,B,sten,sten,1,0,D1,sino,1
13,A,0.17,A,sal,sal,1,1,D1,sino,1
13,B,0.44,E,sal&sten,sal,1,2,D1,sino,1
13,A,2.25,F,sal&sten,sten,1,4,D1,sino,1
13,B,0.56,F,sal&sten,sal,1,3,D1,sino,1
13,A,0.14,C,sal,sal,1,0,D1,sino,1
13,B,0.05,C,sal,sal,1,1,D1,sino,1
13,A,3.5,D,sal,sal,1,5,D1,sino,1
13,B,1,D,sal,sal,1,3,D1,sino,1
13,B,0.22,B,sal,sal,1,2,D1,sino,1
13,A,2.19,A,sten,sten,1,3,D1,sino,1
13,B,0.24,A,sten,sten,1,0,D1,sino,1
13,A,2.64,B,sal,sal,1,4,D1,sino,1
13,B,0.12,A,sal,sal,1,1,D1,sino,1
14,A,5.62,C,sal&sten,sten,1,5,D2,sino,1
14,A,5.32,D,sten,sten,1,5,D2,sino,1
14,A,0.77,C,sten,sten,1,3,D2,sino,1
14,B,5.46,C,sten,sten,1,4,D2,sino,1
14,A,5.13,A,sal&sten,sten,1,5,D2,sino,1
14,B,5.32,A,sal&sten,sal,1,5,D2,sino,1
14,A,4.48,B,sal&sten,sten,1,4,D2,sino,1
14,B,4.96,B,sal&sten,sal,1,4,D2,sino,1
14,A,3.54,A,sten,sten,1,4,D2,sino,1
14,B,3.69,A,sten,sten,1,4,D2,sino,1
14,A,5.75,B,sten,sten,1,5,D2,sino,1
14,B,2.24,B,sten,sten,1,4,D2,sino,1
14,A,4.27,A,sal,sal,1,5,D2,sino,1
14,B,4.53,A,sal,sal,1,5,D2,sino,1
14,A,3.51,B,sal,sal,1,5,D2,sino,1
14,B,5.14,D,sten,sten,1,4,D2,sino,1
14,A,2.81,E,sten,sten,1,5,D2,sino,1
14,B,4.95,E,sten,sten,1,5,D2,sino,1
14,A,2.87,F,sten,sten,1,5,D2,sino,1
14,B,2.29,F,sten,sten,1,4,D2,sino,1
14,B,4.77,D,sal,sal,1,5,D2,sino,1
14,A,3.95,E,sal,sal,1,4,D2,sino,1
14,B,6.57,E,sal,sal,1,5,D2,sino,1
14,A,2.13,F,sal,sal,1,5,D2,sino,1
14,B,3.51,F,sal,sal,1,5,D2,sino,1
14,B,1.65,D,sal&sten,sal,1,4,D2,sino,1
14,A,3.28,E,sal&sten,sten,1,4,D2,sino,1
14,B,1.98,E,sal&sten,sal,1,4,D2,sino,1
14,A,2.73,F,sal&sten,sten,1,5,D2,sino,1
14,B,2.67,F,sal&sten,sal,1,5,D2,sino,1
14,B,2.8,B,sal,sal,1,5,D2,sino,1
14,A,4.83,C,sal,sal,1,5,D2,sino,1
14,B,4.1,C,sal,sal,1,5,D2,sino,1
14,A,2.94,D,sal,sal,1,4,D2,sino,1
14,B,4.35,C,sal&sten,sal,1,3,D2,sino,1
14,A,2.2,D,sal&sten,sten,1,4,D2,sino,1
15,B,0.06,E,sal,sal,1,0,D3,sino,1
15,A,0.12,F,sal,sal,1,1,D3,sino,1
15,B,0.11,C,sten,sten,1,0,D3,sino,1
15,A,0.25,D,sten,sten,1,0,D3,sino,1
15,B,0.1,D,sten,sten,1,0,D3,sino,1
15,A,0.07,E,sten,sten,1,0,D3,sino,1
15,B,0.08,E,sten,sten,1,0,D3,sino,1
15,A,0.17,F,sten,sten,1,0,D3,sino,1
15,B,0.19,F,sten,sten,1,0,D3,sino,1
15,B,0.0318,D,sal,sal,1,0,D3,sino,1
15,A,0.1,E,sal,sal,1,0,D3,sino,1
15,A,0.03,C,sal&sten,sten,1,0,D3,sino,1
15,B,1.49,C,sal&sten,sal,1,2,D3,sino,1
15,A,0.09,D,sal&sten,sten,1,0,D3,sino,1
15,B,0.1,D,sal&sten,sal,1,0,D3,sino,1
15,A,0.07,E,sal&sten,sten,1,0,D3,sino,1
15,B,0.08,E,sal&sten,sal,1,0,D3,sino,1
15,A,0.19,F,sal&sten,sten,1,0,D3,sino,1
15,B,0.03,F,sal&sten,sal,1,0,D3,sino,1
15,B,0.06,B,sal,sal,1,0,D3,sino,1
15,A,0.17,A,sal&sten,sten,1,0,D3,sino,1
15,B,0.09,A,sal&sten,sal,1,0,D3,sino,1
15,A,0.1,B,sal&sten,sten,1,1,D3,sino,1
15,B,0.07,B,sal&sten,sal,1,0,D3,sino,1
15,A,0.13,A,sten,sten,1,0,D3,sino,1
15,B,0.1,A,sten,sten,1,0,D3,sino,1
15,A,0.26,B,sten,sten,1,0,D3,sino,1
15,B,0.1,B,sten,sten,1,0,D3,sino,1
15,A,1.16,C,sten,sten,1,2,D3,sino,1
15,A,0.12,A,sal,sal,1,0,D3,sino,1
15,B,0.75,A,sal,sal,1,3,D3,sino,1
15,A,0.09,B,sal,sal,1,0,D3,sino,1
15,B,0.36,F,sal,sal,1,3,D3,sino,1
15,A,0.12,C,sal,sal,1,0,D3,sino,1
15,B,0.08,C,sal,sal,1,0,D3,sino,1
15,A,0.07,D,sal,sal,1,0,D3,sino,1
16,A,0.19,A,sal&sten,sten,1,0,D4,sino,1
16,B,0.09,A,sten,sten,1,0,D4,sino,1
16,A,0.26,B,sten,sten,1,0,D4,sino,1
16,B,0.06,B,sten,sten,1,0,D4,sino,1
16,A,0.11,A,sten,sten,1,0,D4,sino,1
16,B,0.1,C,sten,sten,1,0,D4,sino,1
16,A,0.15,D,sten,sten,1,0,D4,sino,1
16,B,0.0599,D,sten,sten,1,0,D4,sino,1
16,A,0.11,E,sten,sten,1,0,D4,sino,1
16,B,0.07,E,sten,sten,1,0,D4,sino,1
16,A,NA,F,sten,sten,1,NA,D4,sino,1
16,B,NA,F,sten,sten,1,NA,D4,sino,1
16,B,0.03,D,sal,sal,1,1,D4,sino,1
16,A,0.14,E,sal,sal,1,0,D4,sino,1
16,B,0.06,E,sal,sal,1,0,D4,sino,1
16,A,0.03,F,sal,sal,1,0,D4,sino,1
16,B,0.19,F,sal,sal,1,0,D4,sino,1
16,B,0.17,D,sal&sten,sal,1,0,D4,sino,1
16,A,0.16,E,sal&sten,sten,1,0,D4,sino,1
16,B,0.11,E,sal&sten,sal,1,0,D4,sino,1
16,A,0.04,F,sal&sten,sten,1,0,D4,sino,1
16,B,0.08,F,sal&sten,sal,1,2,D4,sino,1
16,B,0.08,B,sal,sal,1,0,D4,sino,1
16,A,0.07,C,sal,sal,1,0,D4,sino,1
16,B,0.06,A,sal&sten,sal,1,0,D4,sino,1
16,A,0.14,B,sal&sten,sten,1,0,D4,sino,1
16,B,0.0894,B,sal&sten,sal,1,0,D4,sino,1
16,A,0.07,C,sal&sten,sten,1,0,D4,sino,1
16,B,0.11,C,sal&sten,sal,2,0,D4,sino,1
16,A,0.22,D,sal&sten,sten,1,1,D4,sino,1
16,A,0.0721,B,sal,sal,1,0,D4,sino,1
16,A,0.07,C,sten,sten,1,0,D4,sino,1
16,A,0.07,A,sal,sal,1,0,D4,sino,1
16,B,0.11,A,sal,sal,1,0,D4,sino,1
16,A,0.79,D,sal,sal,1,3,D4,sino,1
16,B,NA,C,sal,sal,1,NA,D4,sino,1
17,A,0.11,F,sten,sten,2,0,A1, A4,brady,1
17,B,0.2,F,sten,sten,2,0,A1, A4,brady,1
17,B,0.13,C,sten,sten,2,0,A1, A4,brady,1
17,A,0.1,C,sal&sten,sten,2,0,A1, A4,brady,1
17,B,0.1,C,sal&sten,sal,2,0,A1, A4,brady,1
17,A,0.12,D,sal&sten,sten,2,1,A1, A4,brady,1
17,B,0.08,D,sal&sten,sal,2,0,A1, A4,brady,1
17,A,0.09,E,sal&sten,sten,2,0,A1, A4,brady,1
17,A,0.06,D,sten,sten,2,0,A1, A4,brady,1
17,B,0.17,D,sten,sten,2,0,A1, A4,brady,1
17,A,0.02,E,sten,sten,2,0,A1, A4,brady,1
17,B,0.1,E,sten,sten,2,0,A1, A4,brady,1
17,A,0.12,A,sal&sten,sten,2,1,A1, A4,brady,1
17,B,2.75,A,sal&sten,sal,2,4,A1, A4,brady,1
17,A,0.11,B,sal&sten,sten,2,0,A1, A4,brady,1
17,B,0.16,B,sal&sten,sal,2,0,A1, A4,brady,1
17,A,0.01,A,sten,sten,2,0,A1, A4,brady,1
17,B,0.19,A,sten,sten,2,0,A1, A4,brady,1
17,A,0.12,B,sten,sten,2,0,A1, A4,brady,1
17,B,0.13,B,sten,sten,2,0,A1, A4,brady,1
17,A,0.1,C,sten,sten,2,0,A1, A4,brady,1
17,A,0.31,A,sal,sal,2,3,A1, A4,brady,1
17,B,0.08,A,sal,sal,2,0,A1, A4,brady,1
17,A,0.31,B,sal,sal,2,2,A1, A4,brady,1
17,B,0.67,B,sal,sal,2,3,A1, A4,brady,1
17,A,3.06,C,sal,sal,2,5,A1, A4,brady,1
17,B,3.88,C,sal,sal,2,4,A1, A4,brady,1
17,A,0.08,D,sal,sal,2,0,A1, A4,brady,1
17,B,0.09,D,sal,sal,2,0,A1, A4,brady,1
17,A,1.43,E,sal,sal,2,4,A1, A4,brady,1
17,B,0.01,E,sal,sal,2,0,A1, A4,brady,1
17,A,0.32,F,sal,sal,2,2,A1, A4,brady,1
17,B,2.12,F,sal,sal,2,4,A1, A4,brady,1
17,B,2.07,F,sal&sten,sal,2,4,A1, A4,brady,1
17,B,0.17,E,sal&sten,sal,2,0,A1, A4,brady,1
17,A,0.16,F,sal&sten,sten,2,0,A1, A4,brady,1
18,A,0.26,D,sten,sten,2,1,A3, A2,brady,1
18,B,0.12,C,sten,sten,2,0,A3, A2,brady,1
18,A,0.22,F,sten,sten,2,2,A3, A2,brady,1
18,B,0.21,F,sten,sten,2,4,A3, A2,brady,1
18,B,0.13,D,sal,sal,2,2,A3, A2,brady,1
18,A,1.34,E,sal,sal,2,3,A3, A2,brady,1
18,B,3.34,E,sal,sal,2,4,A3, A2,brady,1
18,A,0.16,F,sal,sal,2,1,A3, A2,brady,1
18,B,4.41,F,sal,sal,2,5,A3, A2,brady,1
18,B,1.9,D,sal&sten,sal,2,4,A3, A2,brady,1
18,A,0.22,E,sal&sten,sten,2,3,A3, A2,brady,1
18,B,3.51,E,sal&sten,sal,2,5,A3, A2,brady,1
18,B,1.1,D,sten,sten,2,3,A3, A2,brady,1
18,A,0.22,E,sten,sten,2,3,A3, A2,brady,1
18,B,1.06,E,sten,sten,2,3,A3, A2,brady,1
18,A,1.86,A,sal&sten,sten,2,3,A3, A2,brady,1
18,B,2.01,A,sal&sten,sal,2,5,A3, A2,brady,1
18,A,0.42,B,sal&sten,sten,2,3,A3, A2,brady,1
18,B,1.8,B,sal&sten,sal,2,4,A3, A2,brady,1
18,A,0.29,C,sal&sten,sten,2,1,A3, A2,brady,1
18,B,1.25,C,sal&sten,sal,2,4,A3, A2,brady,1
18,A,0.06,D,sal&sten,sten,2,0,A3, A2,brady,1
18,B,0.65,B,sten,sten,2,3,A3, A2,brady,1
18,A,0.32,C,sten,sten,2,1,A3, A2,brady,1
18,A,3.54,A,sal,sal,2,5,A3, A2,brady,1
18,A,0.2,F,sal&sten,sten,2,0,A3, A2,brady,1
18,B,2.72,F,sal&sten,sal,2,1,A3, A2,brady,1
18,B,0.68,B,sal,sal,2,3,A3, A2,brady,1
18,A,0.75,C,sal,sal,2,2,A3, A2,brady,1
18,B,0.31,C,sal,sal,2,1,A3, A2,brady,1
18,A,0.2,D,sal,sal,2,2,A3, A2,brady,1
18,A,3.09,B,sal,sal,2,4,A3, A2,brady,1
18,A,1.43,A,sten,sten,2,4,A3, A2,brady,1
18,B,0.54,A,sten,sten,2,3,A3, A2,brady,1
18,A,0.15,B,sten,sten,2,1,A3, A2,brady,1
18,B,3.4,A,sal,sal,2,5,A3, A2,brady,1
19,A,0.07,C,sal&sten,sten,2,0,B4, B2,meso,1
19,A,0.14,D,sten,sten,2,0,B4, B2,meso,1
19,B,0.13,D,sten,sten,2,0,B4, B2,meso,1
19,B,0.08,C,sten,sten,2,0,B4, B2,meso,1
19,A,0.07,A,sal&sten,sten,2,0,B4, B2,meso,1
19,B,0.1,A,sal&sten,sal,2,0,B4, B2,meso,1
19,A,0.23,B,sal&sten,sten,2,0,B4, B2,meso,1
19,B,0.052,B,sal&sten,sal,2,0,B4, B2,meso,1
19,A,0.08,A,sten,sten,2,0,B4, B2,meso,1
19,B,0.34,A,sten,sten,2,0,B4, B2,meso,1
19,A,0.0815,B,sten,sten,2,0,B4, B2,meso,1
19,B,0.0988,B,sten,sten,2,0,B4, B2,meso,1
19,A,NA,C,sten,sten,2,0,B4, B2,meso,1
19,A,0.16,A,sal,sal,2,0,B4, B2,meso,1
19,B,0.08,A,sal,sal,2,0,B4, B2,meso,1
19,A,0.09,B,sal,sal,2,0,B4, B2,meso,1
19,B,0.11,B,sal,sal,2,0,B4, B2,meso,1
19,A,0.11,C,sal,sal,2,1,B4, B2,meso,1
19,A,0.11,E,sten,sten,2,0,B4, B2,meso,1
19,B,0.15,E,sten,sten,2,0,B4, B2,meso,1
19,A,0.14,F,sten,sten,2,0,B4, B2,meso,1
19,B,0.08,F,sten,sten,2,0,B4, B2,meso,1
19,B,5.14,E,sal,sal,2,4,B4, B2,meso,1
19,A,0.1,F,sal,sal,2,0,B4, B2,meso,1
19,B,0.15,F,sal,sal,2,4,B4, B2,meso,1
19,B,0.0399,D,sal&sten,sal,2,0,B4, B2,meso,1
19,A,0.06,E,sal&sten,sten,2,0,B4, B2,meso,1
19,B,0.11,E,sal&sten,sal,2,0,B4, B2,meso,1
19,A,0.02,F,sal&sten,sten,2,0,B4, B2,meso,1
19,B,3.17,F,sal&sten,sal,2,0,B4, B2,meso,1
19,B,0.1,D,sal,sal,2,0,B4, B2,meso,1
19,A,0.41,E,sal,sal,2,2,B4, B2,meso,1
19,B,0.08,C,sal,sal,2,0,B4, B2,meso,1
19,A,0.0549,D,sal,sal,2,0,B4, B2,meso,1
19,B,0.08,C,sal&sten,sal,2,0,B4, B2,meso,1
19,A,0.12,D,sal&sten,sten,2,0,B4, B2,meso,1
2,A,4.53,D,sal,sal,1,5,A2,brady,1
2,A,0.58,D,sal&sten,sten,1,3,A2,brady,1
2,A,1.87,A,sal,sal,1,5,A2,brady,1
2,B,3.18,A,sal,sal,1,5,A2,brady,1
2,A,1.86,B,sal,sal,1,5,A2,brady,1
2,B,3.6,B,sal,sal,1,5,A2,brady,1
2,A,0.43,C,sal,sal,1,3,A2,brady,1
2,B,2.84,C,sal,sal,1,5,A2,brady,1
2,A,0.27,A,sal&sten,sten,1,3,A2,brady,1
2,B,3.29,A,sal&sten,sal,1,4,A2,brady,1
2,A,1.02,B,sal&sten,sten,1,2,A2,brady,1
2,B,4.19,B,sal&sten,sal,1,4,A2,brady,1
2,A,0.38,C,sal&sten,sten,1,2,A2,brady,1
2,B,0.09,C,sal&sten,sal,1,1,A2,brady,1
2,A,0.88,A,sten,sten,1,4,A2,brady,1
2,B,0.15,A,sten,sten,1,4,A2,brady,1
2,A,0.55,B,sten,sten,1,3,A2,brady,1
2,B,0.59,B,sten,sten,1,3,A2,brady,1
2,A,0.25,C,sten,sten,1,3,A2,brady,1
2,B,0.21,C,sten,sten,1,2,A2,brady,1
2,A,0.9,D,sten,sten,1,3,A2,brady,1
2,B,0.48,D,sten,sten,1,3,A2,brady,1
2,A,0.62,E,sten,sten,1,3,A2,brady,1
2,B,0.09,E,sten,sten,1,1,A2,brady,1
2,A,0.58,F,sten,sten,1,3,A2,brady,1
2,B,0.1,F,sten,sten,1,1,A2,brady,1
2,B,2.5,E,sal,sal,1,5,A2,brady,1
2,A,3.7,F,sal,sal,1,5,A2,brady,1
2,B,5.55,F,sal,sal,1,5,A2,brady,1
2,A,0.42,F,sal&sten,sten,1,4,A2,brady,1
2,B,3.66,D,sal&sten,sal,1,5,A2,brady,1
2,A,0.52,E,sal&sten,sten,1,3,A2,brady,1
2,B,2.61,E,sal&sten,sal,1,5,A2,brady,1
2,B,1.74,F,sal&sten,sal,1,5,A2,brady,1
2,A,0.2,E,sal,sal,1,2,A2,brady,1
2,B,4.7,D,sal,sal,1,5,A2,brady,1
20,A,0.1,E,sten,sten,2,0,B1, B3,meso,1
20,B,0.18,E,sten,sten,2,0,B1, B3,meso,1
20,B,0.16,B,sten,sten,2,0,B1, B3,meso,1
20,A,0.08,C,sten,sten,2,0,B1, B3,meso,1
20,B,0.12,C,sten,sten,2,0,B1, B3,meso,1
20,A,0.07,D,sten,sten,2,0,B1, B3,meso,1
20,B,0.09,D,sten,sten,2,0,B1, B3,meso,1
20,A,0.42,A,sal&sten,sten,2,2,B1, B3,meso,1
20,B,1.82,A,sal&sten,sal,2,4,B1, B3,meso,1
20,A,0.12,F,sten,sten,2,0,B1, B3,meso,1
20,B,0.08,F,sten,sten,2,0,B1, B3,meso,1
20,B,0.06,E,sal,sal,2,1,B1, B3,meso,1
20,A,0.11,F,sal,sal,2,0,B1, B3,meso,1
20,A,0.16,D,sal&sten,sten,2,0,B1, B3,meso,1
20,B,0.02,D,sal&sten,sal,2,0,B1, B3,meso,1
20,A,0.13,E,sal&sten,sten,2,0,B1, B3,meso,1
20,B,0.09,E,sal&sten,sal,2,0,B1, B3,meso,1
20,A,0.11,F,sal&sten,sten,2,0,B1, B3,meso,1
20,B,0.13,F,sal&sten,sal,2,0,B1, B3,meso,1
20,B,0.13,B,sal,sal,2,0,B1, B3,meso,1
20,A,0.0633,C,sal,sal,2,0,B1, B3,meso,1
20,B,0.0535,C,sal,sal,2,0,B1, B3,meso,1
20,A,0.1,B,sal&sten,sten,2,0,B1, B3,meso,1
20,B,0.0962,B,sal&sten,sal,2,0,B1, B3,meso,1
20,A,0.16,C,sal&sten,sten,2,0,B1, B3,meso,1
20,B,0.09,C,sal&sten,sal,2,0,B1, B3,meso,1
20,A,0.15,A,sten,sten,2,0,B1, B3,meso,1
20,B,0.19,A,sten,sten,2,0,B1, B3,meso,1
20,A,0.08,B,sten,sten,2,0,B1, B3,meso,1
20,A,0.09,A,sal,sal,2,1,B1, B3,meso,1
20,B,0.08,A,sal,sal,2,0,B1, B3,meso,1
20,A,0.13,B,sal,sal,2,0,B1, B3,meso,1
20,B,0.16,D,sal,sal,2,0,B1, B3,meso,1
20,A,0.09,E,sal,sal,2,0,B1, B3,meso,1
20,A,0.1,D,sal,sal,2,0,B1, B3,meso,1
20,B,0.09,F,sal,sal,2,0,B1, B3,meso,1
21,A,0.14,B,sal&sten,sten,2,0,C2, C4,rhizo,1
21,B,0.08,A,sal&sten,sal,2,0,C2, C4,rhizo,1
21,A,0.16,A,sten,sten,2,0,C2, C4,rhizo,1
21,B,0.21,A,sten,sten,2,0,C2, C4,rhizo,1
21,A,0.18,A,sal&sten,sten,2,0,C2, C4,rhizo,1
21,A,0.1,A,sal,sal,2,0,C2, C4,rhizo,1
21,B,0.1,A,sal,sal,2,0,C2, C4,rhizo,1
21,A,0.08,B,sal,sal,2,0,C2, C4,rhizo,1
21,B,0.03,B,sal,sal,2,0,C2, C4,rhizo,1
21,A,0.1,C,sal,sal,2,0,C2, C4,rhizo,1
21,B,0.042,C,sal,sal,2,0,C2, C4,rhizo,1
21,A,0.17,D,sal,sal,2,1,C2, C4,rhizo,1
21,B,0.08,D,sal,sal,2,0,C2, C4,rhizo,1
21,A,0.05,E,sal,sal,2,0,C2, C4,rhizo,1
21,B,0.05,E,sal,sal,2,0,C2, C4,rhizo,1
21,A,0.09,F,sal,sal,2,0,C2, C4,rhizo,1
21,B,1.54,F,sal,sal,2,3,C2, C4,rhizo,1
21,A,0.1222,D,sal&sten,sten,2,0,C2, C4,rhizo,1
21,B,0.0834,D,sal&sten,sal,2,0,C2, C4,rhizo,1
21,A,0.08,E,sal&sten,sten,2,0,C2, C4,rhizo,1
21,B,0.09,E,sal&sten,sal,2,0,C2, C4,rhizo,1
21,A,0.14,F,sal&sten,sten,2,0,C2, C4,rhizo,1
21,B,0.11,F,sal&sten,sal,2,0,C2, C4,rhizo,1
21,A,0.15,D,sten,sten,2,0,C2, C4,rhizo,1
21,B,0.18,D,sten,sten,2,0,C2, C4,rhizo,1
21,A,0.19,E,sten,sten,2,0,C2, C4,rhizo,1
21,B,0.15,E,sten,sten,2,0,C2, C4,rhizo,1
21,B,0.0809,B,sal&sten,sal,2,0,C2, C4,rhizo,1
21,A,0.0509,C,sal&sten,sten,2,0,C2, C4,rhizo,1
21,B,0.0695,C,sal&sten,sal,2,0,C2, C4,rhizo,1
21,A,0.11,C,sten,sten,2,0,C2, C4,rhizo,1
21,B,0.14,C,sten,sten,2,0,C2, C4,rhizo,1
21,A,NA,B,sten,sten,2,0,C2, C4,rhizo,1
21,B,0.2,B,sten,sten,2,0,C2, C4,rhizo,1
21,A,0.15,F,sten,sten,2,0,C2, C4,rhizo,1
21,B,0.04,F,sten,sten,2,0,C2, C4,rhizo,1
22,A,0.19,A,sal,sal,2,0,C1, C3,rhizo,1
22,B,0.08,A,sal,sal,2,0,C1, C3,rhizo,1
22,A,0.12,E,sal,sal,2,0,C1, C3,rhizo,1
22,B,0.14,E,sal,sal,2,0,C1, C3,rhizo,1
22,A,0.07,D,sal,sal,2,0,C1, C3,rhizo,1
22,B,0.07,D,sal,sal,2,1,C1, C3,rhizo,1
22,A,0.27,D,sal&sten,sten,2,0,C1, C3,rhizo,1
22,B,0.06,D,sal&sten,sal,2,0,C1, C3,rhizo,1
22,A,0.13,E,sal&sten,sten,2,0,C1, C3,rhizo,1
22,A,0.12,B,sal,sal,2,0,C1, C3,rhizo,1
22,B,0.15,B,sal,sal,2,0,C1, C3,rhizo,1
22,A,0.08,C,sal,sal,2,0,C1, C3,rhizo,1
22,B,0.15,C,sal,sal,2,0,C1, C3,rhizo,1
22,A,0.26,A,sal&sten,sten,2,1,C1, C3,rhizo,1
22,B,0.05,A,sal&sten,sal,2,0,C1, C3,rhizo,1
22,A,0.22,B,sal&sten,sten,2,0,C1, C3,rhizo,1
22,B,0.0647,B,sal&sten,sal,2,0,C1, C3,rhizo,1
22,A,0.08,C,sal&sten,sten,2,0,C1, C3,rhizo,1
22,B,0.08,C,sal&sten,sal,2,0,C1, C3,rhizo,1
22,A,0.19,A,sten,sten,2,0,C1, C3,rhizo,1
22,B,0.16,A,sten,sten,2,0,C1, C3,rhizo,1
22,A,0.2,B,sten,sten,2,0,C1, C3,rhizo,1
22,B,0.15,B,sten,sten,2,0,C1, C3,rhizo,1
22,A,0.13,C,sten,sten,2,0,C1, C3,rhizo,1
22,B,0.14,C,sten,sten,2,0,C1, C3,rhizo,1
22,A,0.13,D,sten,sten,2,0,C1, C3,rhizo,1
22,B,0.18,D,sten,sten,2,0,C1, C3,rhizo,1
22,A,0.05,E,sten,sten,2,0,C1, C3,rhizo,1
22,B,0.11,E,sten,sten,2,0,C1, C3,rhizo,1
22,A,0.1,F,sten,sten,2,0,C1, C3,rhizo,1
22,B,0.16,F,sten,sten,2,0,C1, C3,rhizo,1
22,B,0.1,F,sal&sten,sal,2,0,C1, C3,rhizo,1
22,A,0.11,F,sal,sal,2,0,C1, C3,rhizo,1
22,B,0.15,F,sal,sal,2,0,C1, C3,rhizo,1
22,A,0.04,F,sal&sten,sten,2,0,C1, C3,rhizo,1
22,B,0.12,E,sal&sten,sal,2,0,C1, C3,rhizo,1
23,A,0.09,A,sten,sten,2,0,D1, D3,sino,1
23,B,0.09,C,sten,sten,2,0,D1, D3,sino,1
23,B,0.18,B,sten,sten,2,0,D1, D3,sino,1
23,A,0.17,C,sten,sten,2,0,D1, D3,sino,1
23,B,0.16,E,sten,sten,2,1,D1, D3,sino,1
23,A,0.13,F,sten,sten,2,0,D1, D3,sino,1
23,B,1.44,F,sten,sten,2,0,D1, D3,sino,1
23,B,0.09,E,sal,sal,2,0,D1, D3,sino,1
23,A,0.06,F,sal,sal,2,0,D1, D3,sino,1
23,B,0.07,F,sal,sal,2,4,D1, D3,sino,1
23,A,0.43,D,sal&sten,sten,2,2,D1, D3,sino,1
23,B,0.66,D,sal&sten,sal,2,2,D1, D3,sino,1
23,A,0.25,E,sal&sten,sten,2,0,D1, D3,sino,1
23,B,0.06,E,sal&sten,sal,2,0,D1, D3,sino,1
23,A,0.14,D,sten,sten,2,0,D1, D3,sino,1
23,B,0.19,D,sten,sten,2,2,D1, D3,sino,1
23,A,1,E,sten,sten,2,3,D1, D3,sino,1
23,A,0.16,A,sal&sten,sten,2,2,D1, D3,sino,1
23,B,0.35,A,sal&sten,sal,2,2,D1, D3,sino,1
23,A,0.17,B,sal&sten,sten,2,0,D1, D3,sino,1
23,B,0.12,B,sal&sten,sal,2,0,D1, D3,sino,1
23,A,0.17,C,sal&sten,sten,2,0,D1, D3,sino,1
23,B,0.088,C,sal&sten,sal,2,0,D1, D3,sino,1
23,B,0.18,A,sten,sten,2,0,D1, D3,sino,1
23,A,0.13,B,sten,sten,2,0,D1, D3,sino,1
23,A,0.14,A,sal,sal,2,0,D1, D3,sino,1
23,B,0.45,A,sal,sal,2,0,D1, D3,sino,1
23,A,0.13,F,sal&sten,sten,2,0,D1, D3,sino,1
23,B,0.04,F,sal&sten,sal,2,0,D1, D3,sino,1
23,A,0.1,C,sal,sal,2,0,D1, D3,sino,1
23,B,0.09,C,sal,sal,2,0,D1, D3,sino,1
23,A,0.12,D,sal,sal,2,1,D1, D3,sino,1
23,B,0.07,D,sal,sal,2,2,D1, D3,sino,1
23,A,0.09,E,sal,sal,2,0,D1, D3,sino,1
23,A,0.04,B,sal,sal,2,0,D1, D3,sino,1
23,B,0.12,B,sal,sal,2,0,D1, D3,sino,1
24,B,0.0544,C,sal&sten,sal,2,0,D2, D4,sino,1
24,A,0.06,D,sal&sten,sten,2,0,D2, D4,sino,1
24,B,0.1967,C,sten,sten,2,0,D2, D4,sino,1
24,A,0.15,D,sten,sten,2,0,D2, D4,sino,1
24,B,0.03,B,sten,sten,2,0,D2, D4,sino,1
24,A,0.07,C,sten,sten,2,0,D2, D4,sino,1
24,A,0.2,A,sal&sten,sten,2,0,D2, D4,sino,1
24,B,0.07,A,sal&sten,sal,2,0,D2, D4,sino,1
24,A,1.86,B,sal&sten,sten,2,0,D2, D4,sino,1
24,B,0.07,B,sal&sten,sal,2,0,D2, D4,sino,1
24,A,0.15,C,sal&sten,sten,2,0,D2, D4,sino,1
24,A,0.13,A,sten,sten,2,0,D2, D4,sino,1
24,B,0.2,A,sten,sten,2,0,D2, D4,sino,1
24,A,0.06,B,sten,sten,2,0,D2, D4,sino,1
24,A,0.13,A,sal,sal,2,0,D2, D4,sino,1
24,B,0.1,A,sal,sal,2,0,D2, D4,sino,1
24,A,0.12,B,sal,sal,2,0,D2, D4,sino,1
24,B,NA,B,sal,sal,2,0,D2, D4,sino,1
24,B,0.16,D,sten,sten,2,0,D2, D4,sino,1
24,A,0.13,E,sten,sten,2,0,D2, D4,sino,1
24,B,0.07,E,sten,sten,2,0,D2, D4,sino,1
24,A,0.05,F,sten,sten,2,0,D2, D4,sino,1
24,B,0.06,F,sten,sten,2,0,D2, D4,sino,1
24,B,0.1,D,sal,sal,2,0,D2, D4,sino,1
24,A,0.09,E,sal,sal,2,0,D2, D4,sino,1
24,B,0.07,E,sal,sal,2,2,D2, D4,sino,1
24,A,0.07,F,sal,sal,2,0,D2, D4,sino,1
24,B,0.4,F,sal,sal,2,2,D2, D4,sino,1
24,A,0.23,E,sal&sten,sten,2,0,D2, D4,sino,1
24,B,0.08,E,sal&sten,sal,2,0,D2, D4,sino,1
24,A,0.13,F,sal&sten,sten,2,0,D2, D4,sino,1
24,B,0.01,F,sal&sten,sal,2,0,D2, D4,sino,1
24,A,0.06,D,sal,sal,2,0,D2, D4,sino,1
24,A,0.11,C,sal,sal,2,0,D2, D4,sino,1
24,B,0.06,C,sal,sal,2,0,D2, D4,sino,1
24,B,0.1,D,sal&sten,sal,2,0,D2, D4,sino,1
25,A,0.25,F,sten,sten,2,0,C4, B2,meso,rhizo,2
25,B,0.05,E,sal,sal,2,0,C4, B2,meso,rhizo,2
25,A,0.03,F,sal,sal,2,0,C4, B2,meso,rhizo,2
25,B,0.1,F,sal,sal,2,0,C4, B2,meso,rhizo,2
25,B,0.1,E,sten,sten,2,0,C4, B2,meso,rhizo,2
25,B,0.03,C,sten,sten,2,0,C4, B2,meso,rhizo,2
25,A,0.1,D,sten,sten,2,0,C4, B2,meso,rhizo,2
25,B,0.0506,D,sten,sten,2,0,C4, B2,meso,rhizo,2
25,A,0.11,E,sten,sten,2,0,C4, B2,meso,rhizo,2
25,A,0.16,A,sal&sten,sten,2,0,C4, B2,meso,rhizo,2
25,B,0.17,A,sal&sten,sal,2,0,C4, B2,meso,rhizo,2
25,B,0.17,F,sten,sten,2,0,C4, B2,meso,rhizo,2
25,B,0.07,D,sal,sal,2,0,C4, B2,meso,rhizo,2
25,A,0.09,E,sal,sal,2,0,C4, B2,meso,rhizo,2
25,B,0.1,C,sal&sten,sal,2,0,C4, B2,meso,rhizo,2
25,A,0.11,D,sal&sten,sten,2,0,C4, B2,meso,rhizo,2
25,B,0.06,D,sal&sten,sal,2,0,C4, B2,meso,rhizo,2
25,A,0.13,E,sal&sten,sten,2,0,C4, B2,meso,rhizo,2
25,B,0.06,E,sal&sten,sal,2,0,C4, B2,meso,rhizo,2
25,A,0.19,F,sal&sten,sten,2,0,C4, B2,meso,rhizo,2
25,B,0.06,F,sal&sten,sal,2,0,C4, B2,meso,rhizo,2
25,A,0.12,B,sal,sal,2,0,C4, B2,meso,rhizo,2
25,B,0.09,B,sal,sal,2,0,C4, B2,meso,rhizo,2
25,A,0.06,C,sal,sal,2,0,C4, B2,meso,rhizo,2
25,A,0.13,B,sal&sten,sten,2,2,C4, B2,meso,rhizo,2
25,B,0.08,B,sal&sten,sal,2,0,C4, B2,meso,rhizo,2
25,A,0.22,C,sal&sten,sten,2,1,C4, B2,meso,rhizo,2
25,A,0.12,A,sten,sten,2,0,C4, B2,meso,rhizo,2
25,B,0.12,A,sten,sten,2,0,C4, B2,meso,rhizo,2
25,A,0.07,B,sten,sten,2,3,C4, B2,meso,rhizo,2
25,B,0.18,B,sten,sten,2,0,C4, B2,meso,rhizo,2
25,A,0.11,C,sten,sten,2,0,C4, B2,meso,rhizo,2
25,A,0.96,A,sal,sal,2,2,C4, B2,meso,rhizo,2
25,B,4.05,A,sal,sal,2,4,C4, B2,meso,rhizo,2
25,A,0.03,D,sal,sal,2,0,C4, B2,meso,rhizo,2
25,B,0.07,C,sal,sal,2,0,C4, B2,meso,rhizo,2
26,B,0.06,A,sal&sten,sal,2,0,B1, D4,meso,sino,2
26,A,0.13,B,sal&sten,sten,2,0,B1, D4,meso,sino,2
26,A,0.13,A,sal&sten,sten,2,0,B1, D4,meso,sino,2
26,A,0.14,A,sten,sten,2,0,B1, D4,meso,sino,2
26,B,0.15,A,sten,sten,2,0,B1, D4,meso,sino,2
26,A,0.17,B,sten,sten,2,0,B1, D4,meso,sino,2
26,B,0.11,B,sten,sten,2,1,B1, D4,meso,sino,2
26,A,0.07,C,sten,sten,2,0,B1, D4,meso,sino,2
26,B,0.09,C,sten,sten,2,0,B1, D4,meso,sino,2
26,A,0.1,D,sten,sten,2,0,B1, D4,meso,sino,2
26,B,NA,D,sten,sten,2,0,B1, D4,meso,sino,2
26,A,0.07,E,sten,sten,2,0,B1, D4,meso,sino,2
26,B,0.14,E,sten,sten,2,0,B1, D4,meso,sino,2
26,A,0.08,F,sten,sten,2,0,B1, D4,meso,sino,2
26,B,0.07,F,sten,sten,2,0,B1, D4,meso,sino,2
26,B,0.03,D,sal,sal,2,0,B1, D4,meso,sino,2
26,A,0.24,E,sal,sal,2,2,B1, D4,meso,sino,2
26,B,0.12,E,sal,sal,2,2,B1, D4,meso,sino,2
26,A,1.02,F,sal,sal,2,2,B1, D4,meso,sino,2
26,B,0.06,F,sal,sal,2,0,B1, D4,meso,sino,2
26,A,0.12,E,sal&sten,sten,2,0,B1, D4,meso,sino,2
26,B,0.13,E,sal&sten,sal,2,0,B1, D4,meso,sino,2
26,A,0.13,F,sal&sten,sten,2,0,B1, D4,meso,sino,2
26,B,0.1,F,sal&sten,sal,2,0,B1, D4,meso,sino,2
26,A,0.3,B,sal,sal,2,2,B1, D4,meso,sino,2
26,B,0.92,B,sal,sal,2,2,B1, D4,meso,sino,2
26,A,0.0383,C,sal,sal,2,0,B1, D4,meso,sino,2
26,B,0.04,C,sal,sal,2,0,B1, D4,meso,sino,2
26,B,1,B,sal&sten,sal,2,2,B1, D4,meso,sino,2
26,A,NA,C,sal&sten,sten,2,NA,B1, D4,meso,sino,2
26,B,0.02,C,sal&sten,sal,2,0,B1, D4,meso,sino,2
26,A,0.11,D,sal&sten,sten,2,0,B1, D4,meso,sino,2
26,B,0.11,D,sal&sten,sal,2,0,B1, D4,meso,sino,2
26,A,0.0669,D,sal,sal,2,0,B1, D4,meso,sino,2
26,A,0.1,A,sal,sal,2,0,B1, D4,meso,sino,2
26,B,0.11,A,sal,sal,2,0,B1, D4,meso,sino,2
27,A,0.19,D,sten,sten,2,0,C2, B3,meso,rhizo,2
27,B,0.14,C,sten,sten,2,0,C2, B3,meso,rhizo,2
27,A,0.09,F,sten,sten,2,0,C2, B3,meso,rhizo,2
27,B,0.1,F,sten,sten,2,0,C2, B3,meso,rhizo,2
27,B,NA,D,sal,sal,2,0,C2, B3,meso,rhizo,2
27,B,0.1,E,sten,sten,2,1,C2, B3,meso,rhizo,2
27,B,0.06,C,sal&sten,sal,2,0,C2, B3,meso,rhizo,2
27,A,0.13,D,sal&sten,sten,2,0,C2, B3,meso,rhizo,2
27,B,0.08,D,sal&sten,sal,2,0,C2, B3,meso,rhizo,2
27,A,0.17,E,sal&sten,sten,2,0,C2, B3,meso,rhizo,2
27,B,0.08,E,sal&sten,sal,2,0,C2, B3,meso,rhizo,2
27,A,0.08,F,sal&sten,sten,2,0,C2, B3,meso,rhizo,2
27,B,0.15,D,sten,sten,2,0,C2, B3,meso,rhizo,2
27,A,0.1,E,sten,sten,2,1,C2, B3,meso,rhizo,2
27,A,0.16,A,sal&sten,sten,2,1,C2, B3,meso,rhizo,2
27,B,0.09,A,sal&sten,sal,2,0,C2, B3,meso,rhizo,2
27,A,0.13,B,sal&sten,sten,2,0,C2, B3,meso,rhizo,2
27,B,0.07,B,sal&sten,sal,2,0,C2, B3,meso,rhizo,2
27,A,0.08,C,sal&sten,sten,2,0,C2, B3,meso,rhizo,2
27,A,0.07,A,sten,sten,2,0,C2, B3,meso,rhizo,2
27,B,0.09,A,sten,sten,2,0,C2, B3,meso,rhizo,2
27,A,0.1,B,sten,sten,2,0,C2, B3,meso,rhizo,2
27,B,0.11,B,sten,sten,2,0,C2, B3,meso,rhizo,2
27,A,0.09,C,sten,sten,2,0,C2, B3,meso,rhizo,2
27,A,0.85,A,sal,sal,2,3,C2, B3,meso,rhizo,2
27,B,0.09,A,sal,sal,2,0,C2, B3,meso,rhizo,2
27,A,0.09,B,sal,sal,2,0,C2, B3,meso,rhizo,2
27,B,0.2,B,sal,sal,2,0,C2, B3,meso,rhizo,2
27,A,1.81,C,sal,sal,2,2,C2, B3,meso,rhizo,2
27,B,1.35,C,sal,sal,2,1,C2, B3,meso,rhizo,2
27,A,NA,D,sal,sal,2,0,C2, B3,meso,rhizo,2
27,B,0.04,F,sal,sal,2,0,C2, B3,meso,rhizo,2
27,A,0.09,E,sal,sal,2,0,C2, B3,meso,rhizo,2
27,B,0.09,E,sal,sal,2,0,C2, B3,meso,rhizo,2
27,A,0.13,F,sal,sal,2,0,C2, B3,meso,rhizo,2
27,B,0.06,F,sal&sten,sal,2,0,C2, B3,meso,rhizo,2
28,B,0.3,C,sten,sten,2,2,D1, A3,brady,sino,2
28,A,1.25,D,sten,sten,2,4,D1, A3,brady,sino,2
28,B,1.76,D,sten,sten,2,4,D1, A3,brady,sino,2
28,A,1.73,A,sten,sten,2,4,D1, A3,brady,sino,2
28,B,0.69,E,sten,sten,2,3,D1, A3,brady,sino,2
28,A,0.14,F,sten,sten,2,2,D1, A3,brady,sino,2
28,B,0.86,F,sten,sten,2,3,D1, A3,brady,sino,2
28,B,2.5,D,sal,sal,2,4,D1, A3,brady,sino,2
28,A,3.82,E,sal,sal,2,4,D1, A3,brady,sino,2
28,B,3.07,E,sal,sal,2,4,D1, A3,brady,sino,2
28,A,3.32,F,sal,sal,2,4,D1, A3,brady,sino,2
28,B,4.7,F,sal,sal,2,5,D1, A3,brady,sino,2
28,A,2.49,E,sal&sten,sten,2,4,D1, A3,brady,sino,2
28,B,0.41,E,sal&sten,sal,2,3,D1, A3,brady,sino,2
28,A,0.44,F,sal&sten,sten,2,3,D1, A3,brady,sino,2
28,B,4.86,F,sal&sten,sal,2,5,D1, A3,brady,sino,2
28,A,1.58,E,sten,sten,2,4,D1, A3,brady,sino,2
28,A,1.62,A,sal&sten,sten,2,3,D1, A3,brady,sino,2
28,B,2.2,A,sal&sten,sal,2,3,D1, A3,brady,sino,2
28,A,0.41,B,sal&sten,sten,2,2,D1, A3,brady,sino,2
28,B,2.49,B,sal&sten,sal,2,3,D1, A3,brady,sino,2
28,A,0.94,C,sal&sten,sten,2,2,D1, A3,brady,sino,2
28,B,4.96,C,sal&sten,sal,2,4,D1, A3,brady,sino,2
28,A,0.68,D,sal&sten,sten,2,3,D1, A3,brady,sino,2
28,B,4.05,D,sal&sten,sal,2,4,D1, A3,brady,sino,2
28,B,1.05,B,sten,sten,2,3,D1, A3,brady,sino,2
28,A,0.7,C,sten,sten,2,2,D1, A3,brady,sino,2
28,A,3.36,A,sal,sal,2,4,D1, A3,brady,sino,2
28,B,2.98,A,sal,sal,2,3,D1, A3,brady,sino,2
28,A,2.4,B,sal,sal,2,3,D1, A3,brady,sino,2
28,B,5.77,B,sal,sal,2,4,D1, A3,brady,sino,2
28,A,4.29,C,sal,sal,2,4,D1, A3,brady,sino,2
28,B,3.54,C,sal,sal,2,4,D1, A3,brady,sino,2
28,A,0.1,D,sal,sal,2,0,D1, A3,brady,sino,2
28,B,1.16,A,sten,sten,2,4,D1, A3,brady,sino,2
28,A,1.98,B,sten,sten,2,4,D1, A3,brady,sino,2
29,B,1.93,C,sal&sten,sal,2,4,A2, C3,brady,rhizo,2
29,A,0.16,D,sal&sten,sten,2,0,A2, C3,brady,rhizo,2
29,B,0.12,C,sten,sten,2,1,A2, C3,brady,rhizo,2
29,A,0.16,D,sten,sten,2,0,A2, C3,brady,rhizo,2
29,B,0.17,D,sten,sten,2,0,A2, C3,brady,rhizo,2
29,A,0.06,E,sten,sten,2,0,A2, C3,brady,rhizo,2
29,A,0.1,A,sal&sten,sten,2,0,A2, C3,brady,rhizo,2
29,B,0.13,A,sal&sten,sal,2,1,A2, C3,brady,rhizo,2
29,A,0.08,B,sal&sten,sten,2,0,A2, C3,brady,rhizo,2
29,B,0.07,B,sal&sten,sal,2,0,A2, C3,brady,rhizo,2
29,A,0.13,C,sal&sten,sten,2,0,A2, C3,brady,rhizo,2
29,A,NA,A,sten,sten,2,NA,A2, C3,brady,rhizo,2
29,B,1.68,A,sten,sten,2,4,A2, C3,brady,rhizo,2
29,A,0.17,B,sten,sten,2,0,A2, C3,brady,rhizo,2
29,B,0.0949,B,sten,sten,2,0,A2, C3,brady,rhizo,2
29,A,0.11,C,sten,sten,2,0,A2, C3,brady,rhizo,2
29,A,0.13,A,sal,sal,2,0,A2, C3,brady,rhizo,2
29,B,0.09,A,sal,sal,2,0,A2, C3,brady,rhizo,2
29,A,0.09,B,sal,sal,2,0,A2, C3,brady,rhizo,2
29,B,0.0528,B,sal,sal,2,0,A2, C3,brady,rhizo,2
29,A,0.09,C,sal,sal,2,0,A2, C3,brady,rhizo,2
29,B,0.12,E,sten,sten,2,0,A2, C3,brady,rhizo,2
29,A,0.18,F,sten,sten,2,0,A2, C3,brady,rhizo,2
29,B,0.09,F,sten,sten,2,0,A2, C3,brady,rhizo,2
29,A,0.12,E,sal,sal,2,1,A2, C3,brady,rhizo,2
29,B,0.06,E,sal,sal,2,0,A2, C3,brady,rhizo,2
29,A,0.18,F,sal,sal,2,0,A2, C3,brady,rhizo,2
29,B,1.92,F,sal,sal,2,5,A2, C3,brady,rhizo,2
29,A,0.09,E,sal&sten,sten,2,3,A2, C3,brady,rhizo,2
29,B,0.06,E,sal&sten,sal,2,3,A2, C3,brady,rhizo,2
29,A,0.05,F,sal&sten,sten,2,0,A2, C3,brady,rhizo,2
29,B,0.09,F,sal&sten,sal,2,0,A2, C3,brady,rhizo,2
29,A,0.0529,D,sal,sal,2,0,A2, C3,brady,rhizo,2
29,B,0.28,D,sal,sal,2,2,A2, C3,brady,rhizo,2
29,B,0.09,C,sal,sal,2,0,A2, C3,brady,rhizo,2
29,B,0.08,D,sal&sten,sal,2,0,A2, C3,brady,rhizo,2
3,B,1.56,B,sten,sten,1,4,A3,brady,1
3,A,0.35,F,sten,sten,1,3,A3,brady,1
3,B,1.14,F,sten,sten,1,3,A3,brady,1
3,B,0.94,E,sten,sten,1,3,A3,brady,1
3,B,4.8,F,sal,sal,1,5,A3,brady,1
3,A,0.71,D,sal&sten,sten,1,2,A3,brady,1
3,B,5.5,D,sal&sten,sal,1,4,A3,brady,1
3,A,2.25,C,sten,sten,1,3,A3,brady,1
3,B,1.12,C,sten,sten,1,3,A3,brady,1
3,A,1.08,D,sten,sten,1,4,A3,brady,1
3,B,1.62,D,sten,sten,1,4,A3,brady,1
3,A,0.68,E,sten,sten,1,3,A3,brady,1
3,A,0.36,A,sal&sten,sten,1,2,A3,brady,1
3,B,8.59,A,sal&sten,sal,1,5,A3,brady,1
3,A,1.47,B,sal&sten,sten,1,4,A3,brady,1
3,B,5.78,E,sal,sal,1,4,A3,brady,1
3,A,7.42,F,sal,sal,1,5,A3,brady,1
3,B,2.8,C,sal&sten,sal,1,4,A3,brady,1
3,B,1.66,A,sten,sten,1,3,A3,brady,1
3,A,0.86,B,sten,sten,1,4,A3,brady,1
3,A,1.09,E,sal&sten,sten,1,3,A3,brady,1
3,B,11.2,E,sal&sten,sal,1,5,A3,brady,1
3,A,0.59,F,sal&sten,sten,1,3,A3,brady,1
3,B,3.5,F,sal&sten,sal,1,4,A3,brady,1
3,A,4.95,C,sal,sal,1,4,A3,brady,1
3,B,4.94,C,sal,sal,1,4,A3,brady,1
3,A,3.22,D,sal,sal,1,5,A3,brady,1
3,B,5.09,D,sal,sal,1,5,A3,brady,1
3,B,5.49,B,sal&sten,sal,1,5,A3,brady,1
3,A,1.6,C,sal&sten,sten,1,2,A3,brady,1
3,A,0.7,A,sten,sten,1,3,A3,brady,1
3,A,4.53,B,sal,sal,1,4,A3,brady,1
3,B,5.39,B,sal,sal,1,5,A3,brady,1
3,A,3.35,A,sal,sal,1,4,A3,brady,1
3,B,9.64,A,sal,sal,1,5,A3,brady,1
3,A,5.55,E,sal,sal,1,5,A3,brady,1
30,A,0.82,F,sten,sten,2,3,A4, C1,brady,rhizo,2
30,B,1.41,E,sten,sten,2,0,A4, C1,brady,rhizo,2
30,A,1.6,F,sal,sal,2,3,A4, C1,brady,rhizo,2
30,B,3.44,F,sal,sal,2,2,A4, C1,brady,rhizo,2
30,A,1.37,E,sten,sten,2,0,A4, C1,brady,rhizo,2
30,A,2.13,C,sten,sten,2,4,A4, C1,brady,rhizo,2
30,B,2.66,C,sten,sten,2,4,A4, C1,brady,rhizo,2
30,A,0.38,D,sten,sten,2,3,A4, C1,brady,rhizo,2
30,B,0.07,D,sten,sten,2,0,A4, C1,brady,rhizo,2
30,A,1.26,A,sal&sten,sten,2,4,A4, C1,brady,rhizo,2
30,B,1.64,A,sal&sten,sal,2,1,A4, C1,brady,rhizo,2
30,A,1.1,B,sal&sten,sten,2,3,A4, C1,brady,rhizo,2
30,B,0.15,F,sten,sten,2,0,A4, C1,brady,rhizo,2
30,A,0.23,E,sal,sal,2,1,A4, C1,brady,rhizo,2
30,B,0.86,E,sal,sal,2,3,A4, C1,brady,rhizo,2
30,A,1.61,D,sal&sten,sten,2,4,A4, C1,brady,rhizo,2
30,B,0.14,D,sal&sten,sal,2,2,A4, C1,brady,rhizo,2
30,A,4,E,sal&sten,sten,2,4,A4, C1,brady,rhizo,2
30,B,3.42,E,sal&sten,sal,2,5,A4, C1,brady,rhizo,2
30,A,1.45,F,sal&sten,sten,2,0,A4, C1,brady,rhizo,2
30,B,1.63,F,sal&sten,sal,2,3,A4, C1,brady,rhizo,2
30,A,1.52,B,sal,sal,2,3,A4, C1,brady,rhizo,2
30,B,2.76,B,sal,sal,2,4,A4, C1,brady,rhizo,2
30,A,1.92,C,sal,sal,2,3,A4, C1,brady,rhizo,2
30,B,4.12,C,sal,sal,2,3,A4, C1,brady,rhizo,2
30,B,2.52,B,sal&sten,sal,2,4,A4, C1,brady,rhizo,2
30,A,0.08,C,sal&sten,sten,2,0,A4, C1,brady,rhizo,2
30,B,0.34,C,sal&sten,sal,2,2,A4, C1,brady,rhizo,2
30,A,0.28,A,sten,sten,2,1,A4, C1,brady,rhizo,2
30,B,1.15,A,sten,sten,2,3,A4, C1,brady,rhizo,2
30,A,2.36,B,sten,sten,2,4,A4, C1,brady,rhizo,2
30,B,2.51,B,sten,sten,2,4,A4, C1,brady,rhizo,2
30,A,4.5,A,sal,sal,2,4,A4, C1,brady,rhizo,2
30,B,0.25,A,sal,sal,2,0,A4, C1,brady,rhizo,2
30,A,0.02,D,sal,sal,2,1,A4, C1,brady,rhizo,2
30,B,0.08,D,sal,sal,2,1,A4, C1,brady,rhizo,2
31,A,0.16,B,sal&sten,sten,2,1,A1, D2,brady,sino,2
31,B,NA,B,sal&sten,sal,2,NA,A1, D2,brady,sino,2
31,A,0.01,A,sal&sten,sten,2,0,A1, D2,brady,sino,2
31,B,0.17,A,sal&sten,sal,2,0,A1, D2,brady,sino,2
31,A,0.16,A,sten,sten,2,3,A1, D2,brady,sino,2
31,B,0.12,A,sten,sten,2,0,A1, D2,brady,sino,2
31,A,0.15,B,sten,sten,2,0,A1, D2,brady,sino,2
31,B,0.15,B,sten,sten,2,0,A1, D2,brady,sino,2
31,A,0.06,A,sal,sal,2,0,A1, D2,brady,sino,2
31,B,0.12,A,sal,sal,2,0,A1, D2,brady,sino,2
31,A,0.09,B,sal,sal,2,0,A1, D2,brady,sino,2
31,B,0.05,B,sal,sal,2,0,A1, D2,brady,sino,2
31,A,4.83,C,sal,sal,2,5,A1, D2,brady,sino,2
31,B,0.14,C,sal,sal,2,1,A1, D2,brady,sino,2
31,A,0.09,D,sal,sal,2,0,A1, D2,brady,sino,2
31,B,0.08,D,sal,sal,2,1,A1, D2,brady,sino,2
31,A,0.12,E,sal,sal,2,0,A1, D2,brady,sino,2
31,B,0.12,E,sal,sal,2,0,A1, D2,brady,sino,2
31,A,0.09,F,sal,sal,2,NA,A1, D2,brady,sino,2
31,B,0.08,F,sal,sal,2,0,A1, D2,brady,sino,2
31,A,0.03,D,sal&sten,sten,2,0,A1, D2,brady,sino,2
31,B,0.1,D,sal&sten,sal,2,0,A1, D2,brady,sino,2
31,A,0.15,E,sal&sten,sten,2,0,A1, D2,brady,sino,2
31,B,0.01,E,sal&sten,sal,2,1,A1, D2,brady,sino,2
31,A,NA,F,sal&sten,sten,2,0,A1, D2,brady,sino,2
31,B,0.15,F,sal&sten,sal,2,0,A1, D2,brady,sino,2
31,A,0.1,D,sten,sten,2,0,A1, D2,brady,sino,2
31,B,0.21,D,sten,sten,2,0,A1, D2,brady,sino,2
31,A,0.14,E,sten,sten,2,0,A1, D2,brady,sino,2
31,B,0.01,E,sten,sten,2,0,A1, D2,brady,sino,2
31,A,0.06,F,sten,sten,2,1,A1, D2,brady,sino,2
31,A,0.1,C,sal&sten,sten,2,0,A1, D2,brady,sino,2
31,B,0.08,C,sal&sten,sal,2,0,A1, D2,brady,sino,2
31,A,0.08,C,sten,sten,2,0,A1, D2,brady,sino,2
31,B,0.07,C,sten,sten,2,0,A1, D2,brady,sino,2
31,B,0.1,F,sten,sten,2,0,A1, D2,brady,sino,2
32,A,0.06,B,sal,sal,2,0,B4, D3,meso,sino,2
32,A,0.26,A,sal,sal,2,0,B4, D3,meso,sino,2
32,B,0.93,A,sal,sal,2,2,B4, D3,meso,sino,2
32,A,0.08,D,sal,sal,2,0,B4, D3,meso,sino,2
32,B,0.1,B,sal,sal,2,0,B4, D3,meso,sino,2
32,A,1.3,E,sal,sal,2,4,B4, D3,meso,sino,2
32,B,0.14,E,sal,sal,2,2,B4, D3,meso,sino,2
32,A,2.43,F,sal,sal,2,0,B4, D3,meso,sino,2
32,B,0.07,D,sal,sal,2,0,B4, D3,meso,sino,2
32,A,0.17,D,sal&sten,sten,2,0,B4, D3,meso,sino,2
32,B,0.03,D,sal&sten,sal,2,0,B4, D3,meso,sino,2
32,A,0.11,E,sal&sten,sten,2,0,B4, D3,meso,sino,2
32,B,0.08,E,sal&sten,sal,2,0,B4, D3,meso,sino,2
32,A,0.14,F,sal&sten,sten,2,2,B4, D3,meso,sino,2
32,A,0.07,C,sal,sal,2,0,B4, D3,meso,sino,2
32,B,0.04,C,sal,sal,2,0,B4, D3,meso,sino,2
32,A,0.26,A,sal&sten,sten,2,2,B4, D3,meso,sino,2
32,B,0.12,A,sal&sten,sal,2,0,B4, D3,meso,sino,2
32,A,0.1,B,sal&sten,sten,2,0,B4, D3,meso,sino,2
32,B,0.1,B,sal&sten,sal,2,0,B4, D3,meso,sino,2
32,A,0.15,C,sal&sten,sten,2,0,B4, D3,meso,sino,2
32,B,0.06,C,sal&sten,sal,4,0,B4, D3,meso,sino,2
32,A,0.21,A,sten,sten,2,0,B4, D3,meso,sino,2
32,B,0.21,A,sten,sten,2,0,B4, D3,meso,sino,2
32,A,0.15,B,sten,sten,2,0,B4, D3,meso,sino,2
32,B,0.12,B,sten,sten,2,0,B4, D3,meso,sino,2
32,A,0.06,C,sten,sten,2,1,B4, D3,meso,sino,2
32,B,0.11,C,sten,sten,2,0,B4, D3,meso,sino,2
32,A,0.11,D,sten,sten,2,0,B4, D3,meso,sino,2
32,B,0.08,D,sten,sten,2,0,B4, D3,meso,sino,2
32,A,0.12,E,sten,sten,2,0,B4, D3,meso,sino,2
32,B,0.22,E,sten,sten,2,0,B4, D3,meso,sino,2
32,A,0.2,F,sten,sten,2,3,B4, D3,meso,sino,2
32,B,0.01,F,sten,sten,2,0,B4, D3,meso,sino,2
32,B,0.08,F,sal&sten,sal,2,0,B4, D3,meso,sino,2
32,B,0.02,F,sal,sal,2,0,B4, D3,meso,sino,2
33,B,0.53,A,sten,sten,4,2,A1-A4,brady,1
33,B,0.13,B,sten,sten,4,0,A1-A4,brady,1
33,A,0.14,A,sten,sten,4,0,A1-A4,brady,1
33,B,0.08,C,sten,sten,4,0,A1-A4,brady,1
33,A,0.18,D,sten,sten,4,1,A1-A4,brady,1
33,B,0.23,D,sten,sten,4,2,A1-A4,brady,1
33,A,0.08,C,sten,sten,4,1,A1-A4,brady,1
33,B,0.13,E,sten,sten,4,2,A1-A4,brady,1
33,A,0.38,F,sten,sten,4,3,A1-A4,brady,1
33,B,0.1,F,sten,sten,4,1,A1-A4,brady,1
33,B,0.14,E,sal,sal,4,0,A1-A4,brady,1
33,A,1.55,F,sal,sal,4,3,A1-A4,brady,1
33,B,3.08,F,sal,sal,4,5,A1-A4,brady,1
33,A,0.74,D,sal&sten,sten,4,3,A1-A4,brady,1
33,B,0.87,D,sal&sten,sal,4,2,A1-A4,brady,1
33,A,0.24,E,sal&sten,sten,4,2,A1-A4,brady,1
33,B,2.24,E,sal&sten,sal,4,4,A1-A4,brady,1
33,A,0.08,F,sal&sten,sten,4,0,A1-A4,brady,1
33,B,2.13,F,sal&sten,sal,4,5,A1-A4,brady,1
33,A,0.12,E,sten,sten,4,2,A1-A4,brady,1
33,A,0.86,A,sal&sten,sten,4,4,A1-A4,brady,1
33,B,5.62,A,sal&sten,sal,4,5,A1-A4,brady,1
33,A,0.7,B,sal&sten,sten,4,3,A1-A4,brady,1
33,B,2.61,B,sal&sten,sal,4,4,A1-A4,brady,1
33,A,0.27,C,sal&sten,sten,4,2,A1-A4,brady,1
33,B,6.67,C,sal&sten,sal,4,4,A1-A4,brady,1
33,A,0.0502,B,sal,sal,4,0,A1-A4,brady,1
33,A,0.26,B,sten,sten,4,2,A1-A4,brady,1
33,A,4.28,A,sal,sal,4,1,A1-A4,brady,1
33,B,5.57,A,sal,sal,4,5,A1-A4,brady,1
33,A,7.33,D,sal,sal,4,3,A1-A4,brady,1
33,B,3.84,B,sal,sal,4,5,A1-A4,brady,1
33,A,4.05,C,sal,sal,4,4,A1-A4,brady,1
33,B,1.78,C,sal,sal,4,3,A1-A4,brady,1
33,B,0.33,D,sal,sal,4,3,A1-A4,brady,1
33,A,2.2,E,sal,sal,4,4,A1-A4,brady,1
34,B,0.09,B,sten,sten,4,0,B1-B4,meso,1
34,B,0.07,C,sal&sten,sal,4,0,B1-B4,meso,1
34,A,0.14,D,sal&sten,sten,4,0,B1-B4,meso,1
34,B,0.33,D,sal&sten,sal,4,2,B1-B4,meso,1
34,A,0.16,C,sten,sten,4,0,B1-B4,meso,1
34,B,0.07,C,sten,sten,4,0,B1-B4,meso,1
34,A,0.12,D,sten,sten,4,0,B1-B4,meso,1
34,B,0.18,D,sten,sten,4,0,B1-B4,meso,1
34,A,0.09,E,sten,sten,4,0,B1-B4,meso,1
34,A,0.16,A,sal&sten,sten,4,0,B1-B4,meso,1
34,B,0.06,A,sal&sten,sal,4,0,B1-B4,meso,1
34,A,0.11,B,sal&sten,sten,4,0,B1-B4,meso,1
34,B,5.58,B,sal&sten,sal,4,4,B1-B4,meso,1
34,A,0.04,C,sal&sten,sten,4,0,B1-B4,meso,1
34,A,0.1,A,sten,sten,4,0,B1-B4,meso,1
34,B,0.23,A,sten,sten,4,0,B1-B4,meso,1
34,A,0.12,B,sten,sten,4,0,B1-B4,meso,1
34,A,0.09,A,sal,sal,4,0,B1-B4,meso,1
34,B,0.08,A,sal,sal,4,1,B1-B4,meso,1
34,A,0.12,B,sal,sal,4,0,B1-B4,meso,1
34,B,0.09,B,sal,sal,4,0,B1-B4,meso,1
34,A,0.03,C,sal,sal,4,0,B1-B4,meso,1
34,B,0.02,C,sal,sal,4,0,B1-B4,meso,1
34,B,0.12,E,sten,sten,4,0,B1-B4,meso,1
34,A,0.11,F,sten,sten,4,0,B1-B4,meso,1
34,B,0.02,F,sten,sten,4,0,B1-B4,meso,1
34,A,0.15,E,sal,sal,4,0,B1-B4,meso,1
34,B,0.07,E,sal,sal,4,0,B1-B4,meso,1
34,A,0.14,F,sal,sal,4,0,B1-B4,meso,1
34,B,0.1,F,sal,sal,4,0,B1-B4,meso,1
34,B,0.09,F,sal&sten,sal,4,0,B1-B4,meso,1
34,A,0.26,E,sal&sten,sten,4,0,B1-B4,meso,1
34,B,0.11,E,sal&sten,sal,4,0,B1-B4,meso,1
34,A,0.08,F,sal&sten,sten,4,0,B1-B4,meso,1
34,A,0.09,D,sal,sal,4,0,B1-B4,meso,1
34,B,0.06,D,sal,sal,4,0,B1-B4,meso,1
35,A,2.81,F,sten,sten,4,4,C1-C4,rhizo,1
35,B,1.09,F,sten,sten,4,2,C1-C4,rhizo,1
35,A,1.75,C,sten,sten,4,4,C1-C4,rhizo,1
35,B,0.11,E,sten,sten,4,0,C1-C4,rhizo,1
35,A,0.2,F,sal,sal,4,1,C1-C4,rhizo,1
35,B,1.88,F,sal,sal,4,3,C1-C4,rhizo,1
35,B,0.09,D,sal&sten,sal,4,0,C1-C4,rhizo,1
35,A,0.14,E,sal&sten,sten,4,0,C1-C4,rhizo,1
35,B,0.07,C,sten,sten,4,1,C1-C4,rhizo,1
35,A,3.02,D,sten,sten,4,4,C1-C4,rhizo,1
35,B,1.98,D,sten,sten,4,3,C1-C4,rhizo,1
35,A,0.09,E,sten,sten,4,0,C1-C4,rhizo,1
35,A,0.07,A,sal&sten,sten,4,0,C1-C4,rhizo,1
35,B,0.18,A,sal&sten,sal,4,0,C1-C4,rhizo,1
35,A,0.19,B,sal&sten,sten,4,2,C1-C4,rhizo,1
35,A,0.46,E,sal,sal,4,2,C1-C4,rhizo,1
35,B,0.37,E,sal,sal,4,2,C1-C4,rhizo,1
35,B,0.04,C,sal&sten,sal,4,1,C1-C4,rhizo,1
35,A,0.13,D,sal&sten,sten,4,0,C1-C4,rhizo,1
35,A,0.32,B,sten,sten,4,2,C1-C4,rhizo,1
35,B,1.2,B,sten,sten,4,3,C1-C4,rhizo,1
35,B,0.08,E,sal&sten,sal,4,0,C1-C4,rhizo,1
35,A,2.11,F,sal&sten,sten,4,4,C1-C4,rhizo,1
35,B,0.19,F,sal&sten,sal,4,2,C1-C4,rhizo,1
35,B,0.07,B,sal,sal,4,0,C1-C4,rhizo,1
35,A,0.07,C,sal,sal,4,0,C1-C4,rhizo,1
35,B,0.08,C,sal,sal,4,0,C1-C4,rhizo,1
35,A,0.66,D,sal,sal,4,3,C1-C4,rhizo,1
35,B,0.11,B,sal&sten,sal,4,0,C1-C4,rhizo,1
35,A,0.16,C,sal&sten,sten,4,1,C1-C4,rhizo,1
35,A,0.12,A,sten,sten,4,0,C1-C4,rhizo,1
35,B,0.14,A,sten,sten,4,0,C1-C4,rhizo,1
35,A,0.1,B,sal,sal,4,0,C1-C4,rhizo,1
35,B,0.0402,D,sal,sal,4,0,C1-C4,rhizo,1
35,A,0.4,A,sal,sal,4,2,C1-C4,rhizo,1
35,B,0.01,A,sal,sal,4,0,C1-C4,rhizo,1
36,A,0.67,C,sten,sten,4,0,D1-D4,sino,1
36,B,0.14,C,sten,sten,4,2,D1-D4,sino,1
36,B,0.08,A,sal&sten,sal,4,0,D1-D4,sino,1
36,A,0.2,B,sal&sten,sten,4,1,D1-D4,sino,1
36,B,0.17,B,sal&sten,sal,4,1,D1-D4,sino,1
36,A,0.1,A,sal&sten,sten,4,0,D1-D4,sino,1
36,A,0.14,A,sten,sten,4,2,D1-D4,sino,1
36,B,0.16,A,sten,sten,4,0,D1-D4,sino,1
36,A,0.15,B,sten,sten,4,0,D1-D4,sino,1
36,B,0.37,B,sten,sten,4,2,D1-D4,sino,1
36,A,0.79,A,sal,sal,4,2,D1-D4,sino,1
36,B,0.08,A,sal,sal,4,0,D1-D4,sino,1
36,A,0.73,D,sten,sten,4,3,D1-D4,sino,1
36,B,0.07,D,sten,sten,4,0,D1-D4,sino,1
36,A,0.11,E,sten,sten,4,1,D1-D4,sino,1
36,B,1.76,E,sten,sten,4,4,D1-D4,sino,1
36,A,1.31,F,sten,sten,4,3,D1-D4,sino,1
36,B,2.31,F,sten,sten,4,4,D1-D4,sino,1
36,A,0.08,E,sal,sal,4,1,D1-D4,sino,1
36,B,0.03,E,sal,sal,4,1,D1-D4,sino,1
36,A,0.02,F,sal,sal,4,0,D1-D4,sino,1
36,B,0.15,F,sal,sal,4,0,D1-D4,sino,1
36,B,0.11,D,sal&sten,sal,4,0,D1-D4,sino,1
36,A,0.11,E,sal&sten,sten,4,1,D1-D4,sino,1
36,B,0.2,E,sal&sten,sal,4,1,D1-D4,sino,1
36,A,0.11,F,sal&sten,sten,4,0,D1-D4,sino,1
36,B,1.37,F,sal&sten,sal,4,3,D1-D4,sino,1
36,B,0.04,B,sal,sal,4,0,D1-D4,sino,1
36,A,0.06,C,sal,sal,4,0,D1-D4,sino,1
36,B,0.07,C,sal,sal,4,1,D1-D4,sino,1
36,A,NA,D,sal,sal,4,NA,D1-D4,sino,1
36,B,0.12,D,sal,sal,4,0,D1-D4,sino,1
36,A,0.11,C,sal&sten,sten,4,0,D1-D4,sino,1
36,B,0.11,C,sal&sten,sal,4,0,D1-D4,sino,1
36,A,0.1133,D,sal&sten,sten,4,0,D1-D4,sino,1
36,A,0.0447,B,sal,sal,4,0,D1-D4,sino,1
37,B,0.25,C,sten,sten,4,1,A1, B3, C4, D1,brady,meso,rhizo,3
37,A,2.52,D,sten,sten,4,5,A1, B3, C4, D1,brady,meso,rhizo,3
37,B,1.66,D,sten,sten,4,4,A1, B3, C4, D1,brady,meso,rhizo,3
37,A,1.73,C,sten,sten,4,4,A1, B3, C4, D1,brady,meso,rhizo,3
37,B,1.55,E,sten,sten,4,4,A1, B3, C4, D1,brady,meso,rhizo,3
37,A,3,F,sten,sten,4,5,A1, B3, C4, D1,brady,meso,rhizo,3
37,B,0.02,F,sten,sten,4,0,A1, B3, C4, D1,brady,meso,rhizo,3
37,A,0.11,E,sal,sal,4,0,A1, B3, C4, D1,brady,meso,rhizo,3
37,B,6.09,E,sal,sal,4,5,A1, B3, C4, D1,brady,meso,rhizo,3
37,B,NA,C,sal&sten,sal,4,3,A1, B3, C4, D1,brady,meso,rhizo,3
37,A,0.16,D,sal&sten,sten,4,0,A1, B3, C4, D1,brady,meso,rhizo,3
37,B,0.12,D,sal&sten,sal,4,2,A1, B3, C4, D1,brady,meso,rhizo,3
37,A,0.95,E,sal&sten,sten,4,3,A1, B3, C4, D1,brady,meso,rhizo,3
37,B,1,E,sal&sten,sal,4,2,A1, B3, C4, D1,brady,meso,rhizo,3
37,A,1.79,F,sal&sten,sten,4,4,A1, B3, C4, D1,brady,meso,rhizo,3
37,B,1.94,F,sal&sten,sal,4,4,A1, B3, C4, D1,brady,meso,rhizo,3
37,A,2.15,E,sten,sten,4,4,A1, B3, C4, D1,brady,meso,rhizo,3
37,A,4.68,A,sal&sten,sten,4,5,A1, B3, C4, D1,brady,meso,rhizo,3
37,B,2.7,A,sal&sten,sal,4,5,A1, B3, C4, D1,brady,meso,rhizo,3
37,A,2.78,B,sal&sten,sten,4,4,A1, B3, C4, D1,brady,meso,rhizo,3
37,B,2.65,B,sal&sten,sal,4,5,A1, B3, C4, D1,brady,meso,rhizo,3
37,A,1,C,sal&sten,sten,4,2,A1, B3, C4, D1,brady,meso,rhizo,3
37,A,0.32,A,sten,sten,4,2,A1, B3, C4, D1,brady,meso,rhizo,3
37,B,2.61,A,sten,sten,4,4,A1, B3, C4, D1,brady,meso,rhizo,3
37,A,1.99,B,sten,sten,4,4,A1, B3, C4, D1,brady,meso,rhizo,3
37,B,0.22,B,sten,sten,4,1,A1, B3, C4, D1,brady,meso,rhizo,3
37,A,0.06,A,sal,sal,4,0,A1, B3, C4, D1,brady,meso,rhizo,3
37,B,0.07,A,sal,sal,4,1,A1, B3, C4, D1,brady,meso,rhizo,3
37,A,3.96,B,sal,sal,4,5,A1, B3, C4, D1,brady,meso,rhizo,3
37,B,2.51,B,sal,sal,4,4,A1, B3, C4, D1,brady,meso,rhizo,3
37,A,0.57,C,sal,sal,4,2,A1, B3, C4, D1,brady,meso,rhizo,3
37,B,3.14,C,sal,sal,4,4,A1, B3, C4, D1,brady,meso,rhizo,3
37,A,3.06,D,sal,sal,4,5,A1, B3, C4, D1,brady,meso,rhizo,3
37,B,2.94,D,sal,sal,4,5,A1, B3, C4, D1,brady,meso,rhizo,3
37,A,4.96,F,sal,sal,4,5,A1, B3, C4, D1,brady,meso,rhizo,3
37,B,1.01,F,sal,sal,4,3,A1, B3, C4, D1,brady,meso,rhizo,3
38,A,1.48,A,sten,sten,4,3,A3, B2, C2, D4,brady,meso,rhizo,3
38,B,1.19,A,sten,sten,4,3,A3, B2, C2, D4,brady,meso,rhizo,3
38,A,0.066,C,sten,sten,4,0,A3, B2, C2, D4,brady,meso,rhizo,3
38,B,0.68,C,sten,sten,4,2,A3, B2, C2, D4,brady,meso,rhizo,3
38,A,0.04,D,sten,sten,4,0,A3, B2, C2, D4,brady,meso,rhizo,3
38,B,0.21,D,sten,sten,4,0,A3, B2, C2, D4,brady,meso,rhizo,3
38,A,0.21,E,sten,sten,4,3,A3, B2, C2, D4,brady,meso,rhizo,3
38,B,0.58,E,sten,sten,4,3,A3, B2, C2, D4,brady,meso,rhizo,3
38,A,0.13,F,sten,sten,4,0,A3, B2, C2, D4,brady,meso,rhizo,3
38,B,0.11,F,sten,sten,4,0,A3, B2, C2, D4,brady,meso,rhizo,3
38,A,3.26,E,sal,sal,4,4,A3, B2, C2, D4,brady,meso,rhizo,3
38,B,2.26,E,sal,sal,4,4,A3, B2, C2, D4,brady,meso,rhizo,3
38,A,0.01,F,sal,sal,4,0,A3, B2, C2, D4,brady,meso,rhizo,3
38,B,2.16,F,sal,sal,4,5,A3, B2, C2, D4,brady,meso,rhizo,3
38,B,3.37,D,sal&sten,sal,4,5,A3, B2, C2, D4,brady,meso,rhizo,3
38,A,0.22,E,sal&sten,sten,4,2,A3, B2, C2, D4,brady,meso,rhizo,3
38,B,6.37,E,sal&sten,sal,4,5,A3, B2, C2, D4,brady,meso,rhizo,3
38,A,0.64,F,sal&sten,sten,4,2,A3, B2, C2, D4,brady,meso,rhizo,3
38,B,3.64,F,sal&sten,sal,4,4,A3, B2, C2, D4,brady,meso,rhizo,3
38,B,3.84,B,sal,sal,4,4,A3, B2, C2, D4,brady,meso,rhizo,3
38,A,0.77,A,sal&sten,sten,4,2,A3, B2, C2, D4,brady,meso,rhizo,3
38,B,6.15,A,sal&sten,sal,4,4,A3, B2, C2, D4,brady,meso,rhizo,3
38,A,0.64,B,sal&sten,sten,4,2,A3, B2, C2, D4,brady,meso,rhizo,3
38,B,6.29,B,sal&sten,sal,4,5,A3, B2, C2, D4,brady,meso,rhizo,3
38,A,0.47,C,sal&sten,sten,4,2,A3, B2, C2, D4,brady,meso,rhizo,3
38,B,3.95,C,sal&sten,sal,4,3,A3, B2, C2, D4,brady,meso,rhizo,3
38,A,0.31,D,sal&sten,sten,4,2,A3, B2, C2, D4,brady,meso,rhizo,3
38,A,0.96,B,sten,sten,4,3,A3, B2, C2, D4,brady,meso,rhizo,3
38,B,0.41,B,sten,sten,4,3,A3, B2, C2, D4,brady,meso,rhizo,3
38,A,2.81,A,sal,sal,4,4,A3, B2, C2, D4,brady,meso,rhizo,3
38,B,7.02,A,sal,sal,4,4,A3, B2, C2, D4,brady,meso,rhizo,3
38,A,4.97,B,sal,sal,4,4,A3, B2, C2, D4,brady,meso,rhizo,3
38,B,1.24,D,sal,sal,4,2,A3, B2, C2, D4,brady,meso,rhizo,3
38,A,4.32,C,sal,sal,4,4,A3, B2, C2, D4,brady,meso,rhizo,3
38,B,1.61,C,sal,sal,4,4,A3, B2, C2, D4,brady,meso,rhizo,3
38,A,4.56,D,sal,sal,4,4,A3, B2, C2, D4,brady,meso,rhizo,3
39,B,0.12,E,sten,sten,4,1,A2, B4, C1, D3,brady,meso,rhizo,3
39,B,1.06,C,sal&sten,sal,4,3,A2, B4, C1, D3,brady,meso,rhizo,3
39,A,0.16,D,sal&sten,sten,4,0,A2, B4, C1, D3,brady,meso,rhizo,3
39,B,0.06,D,sal&sten,sal,4,0,A2, B4, C1, D3,brady,meso,rhizo,3
39,A,0.07,C,sten,sten,4,0,A2, B4, C1, D3,brady,meso,rhizo,3
39,B,0.17,C,sten,sten,4,0,A2, B4, C1, D3,brady,meso,rhizo,3
39,A,0.2,D,sten,sten,4,1,A2, B4, C1, D3,brady,meso,rhizo,3
39,B,0.1,D,sten,sten,4,0,A2, B4, C1, D3,brady,meso,rhizo,3
39,A,0.13,E,sten,sten,4,1,A2, B4, C1, D3,brady,meso,rhizo,3
39,A,0.25,A,sal&sten,sten,4,1,A2, B4, C1, D3,brady,meso,rhizo,3
39,B,0.14,A,sal&sten,sal,4,1,A2, B4, C1, D3,brady,meso,rhizo,3
39,A,0.22,B,sal&sten,sten,4,2,A2, B4, C1, D3,brady,meso,rhizo,3
39,B,0.37,B,sal&sten,sal,4,2,A2, B4, C1, D3,brady,meso,rhizo,3
39,A,0.32,C,sal&sten,sten,4,1,A2, B4, C1, D3,brady,meso,rhizo,3
39,A,0.24,A,sten,sten,4,2,A2, B4, C1, D3,brady,meso,rhizo,3
39,B,0.11,A,sten,sten,4,0,A2, B4, C1, D3,brady,meso,rhizo,3
39,A,0.2,B,sten,sten,4,1,A2, B4, C1, D3,brady,meso,rhizo,3
39,B,0.16,B,sten,sten,4,1,A2, B4, C1, D3,brady,meso,rhizo,3
39,A,0.27,A,sal,sal,4,2,A2, B4, C1, D3,brady,meso,rhizo,3
39,B,0.28,A,sal,sal,4,2,A2, B4, C1, D3,brady,meso,rhizo,3
39,A,0.44,B,sal,sal,4,2,A2, B4, C1, D3,brady,meso,rhizo,3
39,B,2.58,B,sal,sal,4,4,A2, B4, C1, D3,brady,meso,rhizo,3
39,A,0.08,C,sal,sal,4,1,A2, B4, C1, D3,brady,meso,rhizo,3
39,B,0.1,C,sal,sal,4,1,A2, B4, C1, D3,brady,meso,rhizo,3
39,A,0.38,D,sal,sal,4,3,A2, B4, C1, D3,brady,meso,rhizo,3
39,A,0.1,F,sten,sten,4,0,A2, B4, C1, D3,brady,meso,rhizo,3
39,B,0.1,F,sten,sten,4,1,A2, B4, C1, D3,brady,meso,rhizo,3
39,B,0.07,E,sal,sal,4,0,A2, B4, C1, D3,brady,meso,rhizo,3
39,A,0.28,F,sal,sal,4,2,A2, B4, C1, D3,brady,meso,rhizo,3
39,B,0.1,F,sal,sal,4,0,A2, B4, C1, D3,brady,meso,rhizo,3
39,B,0.14,F,sal&sten,sal,4,2,A2, B4, C1, D3,brady,meso,rhizo,3
39,A,0.12,E,sal&sten,sten,4,0,A2, B4, C1, D3,brady,meso,rhizo,3
39,B,0.09,E,sal&sten,sal,4,0,A2, B4, C1, D3,brady,meso,rhizo,3
39,A,0.12,F,sal&sten,sten,4,1,A2, B4, C1, D3,brady,meso,rhizo,3
39,B,0.02,D,sal,sal,4,0,A2, B4, C1, D3,brady,meso,rhizo,3
39,A,0.08,E,sal,sal,4,0,A2, B4, C1, D3,brady,meso,rhizo,3
4,B,0.08,B,sten,sten,1,0,A4,brady,1
4,A,0.1,C,sten,sten,1,0,A4,brady,1
4,B,0.22,A,sal&sten,sal,1,0,A4,brady,1
4,A,0.12,B,sal&sten,sten,1,0,A4,brady,1
4,B,0.0489,B,sal&sten,sal,1,0,A4,brady,1
4,A,0.12,A,sal&sten,sten,1,0,A4,brady,1
4,A,0.18,A,sten,sten,1,0,A4,brady,1
4,B,0.21,A,sten,sten,1,0,A4,brady,1
4,A,0.38,B,sten,sten,1,0,A4,brady,1
4,A,0.08,A,sal,sal,1,1,A4,brady,1
4,B,0.08,A,sal,sal,1,0,A4,brady,1
4,B,0.16,C,sten,sten,1,0,A4,brady,1
4,A,0.12,D,sten,sten,1,0,A4,brady,1
4,B,0.15,D,sten,sten,1,0,A4,brady,1
4,A,0.1,E,sten,sten,1,0,A4,brady,1
4,B,0.17,E,sten,sten,1,0,A4,brady,1
4,A,0.23,F,sten,sten,1,0,A4,brady,1
4,B,0.14,F,sten,sten,1,0,A4,brady,1
4,A,0.05,E,sal,sal,1,1,A4,brady,1
4,B,0.09,E,sal,sal,1,0,A4,brady,1
4,A,0.09,F,sal,sal,1,0,A4,brady,1
4,B,0.1,F,sal,sal,1,0,A4,brady,1
4,B,0.09,D,sal&sten,sal,1,0,A4,brady,1
4,A,0.11,E,sal&sten,sten,1,0,A4,brady,1
4,B,0.08,E,sal&sten,sal,1,0,A4,brady,1
4,A,0.17,F,sal&sten,sten,1,0,A4,brady,1
4,B,0.2,F,sal&sten,sal,1,0,A4,brady,1
4,B,0.06,B,sal,sal,1,0,A4,brady,1
4,A,0.09,C,sal,sal,1,0,A4,brady,1
4,B,0.08,C,sal,sal,1,0,A4,brady,1
4,A,0.06,D,sal,sal,1,0,A4,brady,1
4,B,0.09,D,sal,sal,1,0,A4,brady,1
4,A,0.08,C,sal&sten,sten,1,0,A4,brady,1
4,B,0.01,C,sal&sten,sal,1,0,A4,brady,1
4,A,0.16,D,sal&sten,sten,1,0,A4,brady,1
4,A,0.08,B,sal,sal,1,0,A4,brady,1
40,B,0.17,B,sten,sten,4,1,A4, B1, C4, D2,brady,meso,rhizo,3
40,A,0.19,F,sten,sten,4,1,A4, B1, C4, D2,brady,meso,rhizo,3
40,B,0.17,F,sten,sten,4,1,A4, B1, C4, D2,brady,meso,rhizo,3
40,A,0.09,E,sten,sten,4,1,A4, B1, C4, D2,brady,meso,rhizo,3
40,B,0.2,E,sten,sten,4,1,A4, B1, C4, D2,brady,meso,rhizo,3
40,B,0.08,F,sal,sal,4,0,A4, B1, C4, D2,brady,meso,rhizo,3
40,B,0.14,D,sal&sten,sal,4,0,A4, B1, C4, D2,brady,meso,rhizo,3
40,A,0.07,E,sal&sten,sten,4,0,A4, B1, C4, D2,brady,meso,rhizo,3
40,A,0.03,C,sten,sten,4,1,A4, B1, C4, D2,brady,meso,rhizo,3
40,B,0.07,C,sten,sten,4,1,A4, B1, C4, D2,brady,meso,rhizo,3
40,A,0.13,D,sten,sten,4,0,A4, B1, C4, D2,brady,meso,rhizo,3
40,B,0.14,D,sten,sten,4,0,A4, B1, C4, D2,brady,meso,rhizo,3
40,A,0.15,A,sal&sten,sten,4,1,A4, B1, C4, D2,brady,meso,rhizo,3
40,B,0.08,A,sal&sten,sal,4,1,A4, B1, C4, D2,brady,meso,rhizo,3
40,A,0.09,B,sal&sten,sten,4,0,A4, B1, C4, D2,brady,meso,rhizo,3
40,B,0.12,B,sal&sten,sal,4,1,A4, B1, C4, D2,brady,meso,rhizo,3
40,B,0.08,E,sal,sal,4,0,A4, B1, C4, D2,brady,meso,rhizo,3
40,A,NA,F,sal,sal,4,0,A4, B1, C4, D2,brady,meso,rhizo,3
40,A,0.0971,D,sal&sten,sten,4,0,A4, B1, C4, D2,brady,meso,rhizo,3
40,B,0.12,A,sten,sten,4,1,A4, B1, C4, D2,brady,meso,rhizo,3
40,A,0.23,B,sten,sten,4,2,A4, B1, C4, D2,brady,meso,rhizo,3
40,B,0.15,E,sal&sten,sal,4,2,A4, B1, C4, D2,brady,meso,rhizo,3
40,A,0.16,F,sal&sten,sten,4,0,A4, B1, C4, D2,brady,meso,rhizo,3
40,B,0.08,F,sal&sten,sal,4,0,A4, B1, C4, D2,brady,meso,rhizo,3
40,B,0.06,B,sal,sal,4,1,A4, B1, C4, D2,brady,meso,rhizo,3
40,A,0.09,C,sal,sal,4,2,A4, B1, C4, D2,brady,meso,rhizo,3
40,B,0.11,C,sal,sal,4,0,A4, B1, C4, D2,brady,meso,rhizo,3
40,A,0.02,D,sal,sal,4,0,A4, B1, C4, D2,brady,meso,rhizo,3
40,B,0.11,D,sal,sal,4,0,A4, B1, C4, D2,brady,meso,rhizo,3
40,A,0.06,C,sal&sten,sten,4,0,A4, B1, C4, D2,brady,meso,rhizo,3
40,B,0.06,C,sal&sten,sal,N-,0,A4, B1, C4, D2,brady,meso,rhizo,3
40,A,0.11,A,sten,sten,4,1,A4, B1, C4, D2,brady,meso,rhizo,3
40,A,0.12,B,sal,sal,4,1,A4, B1, C4, D2,brady,meso,rhizo,3
40,A,0.11,A,sal,sal,4,0,A4, B1, C4, D2,brady,meso,rhizo,3
40,B,0.05,A,sal,sal,4,1,A4, B1, C4, D2,brady,meso,rhizo,3
40,A,0.02,E,sal,sal,4,0,A4, B1, C4, D2,brady,meso,rhizo,3
41,A,0.19,C,sten,sten,N-,0,N- CONTROL,none,0
41,B,0.07,B,sten,sten,N-,0,N- CONTROL,none,0
41,A,0.06,A,sal&sten,sten,N-,0,N- CONTROL,none,0
41,A,0.19,B,sal&sten,sten,N-,0,N- CONTROL,none,0
41,B,0.0765,B,sal&sten,sal,N-,0,N- CONTROL,none,0
41,A,0.12,C,sal&sten,sten,N-,0,N- CONTROL,none,0
41,B,0.15,A,sal&sten,sal,N-,0,N- CONTROL,none,0
41,A,0.21,A,sten,sten,N-,1,N- CONTROL,none,0
41,B,0.16,A,sten,sten,N-,0,N- CONTROL,none,0
41,A,0.13,B,sten,sten,N-,0,N- CONTROL,none,0
41,A,0.18,A,sal,sal,N-,0,N- CONTROL,none,0
41,B,0.1,A,sal,sal,N-,0,N- CONTROL,none,0
41,A,0.11,B,sal,sal,N-,0,N- CONTROL,none,0
41,B,0.12,B,sal,sal,N-,0,N- CONTROL,none,0
41,A,0.14,C,sal,sal,N-,0,N- CONTROL,none,0
41,B,0.11,C,sal,sal,N-,0,N- CONTROL,none,0
41,A,0.14,D,sal,sal,N-,0,N- CONTROL,none,0
41,B,0.45,D,sal,sal,N-,2,N- CONTROL,none,0
41,A,0.12,E,sal,sal,N-,0,N- CONTROL,none,0
41,B,0.09,E,sal,sal,N-,0,N- CONTROL,none,0
41,A,0.1,F,sal,sal,N-,0,N- CONTROL,none,0
41,B,0.11,F,sal,sal,N-,0,N- CONTROL,none,0
41,A,0.14,D,sal&sten,sten,N-,0,N- CONTROL,none,0
41,B,0.21,D,sal&sten,sal,N-,2,N- CONTROL,none,0
41,A,0.12,E,sal&sten,sten,N-,0,N- CONTROL,none,0
41,B,0.11,E,sal&sten,sal,N-,0,N- CONTROL,none,0
41,A,0.1,F,sal&sten,sten,N-,0,N- CONTROL,none,0
41,B,0.08,F,sal&sten,sal,N-,0,N- CONTROL,none,0
41,A,0.16,D,sten,sten,N-,0,N- CONTROL,none,0
41,B,0.15,D,sten,sten,N-,0,N- CONTROL,none,0
41,A,0.08,E,sten,sten,N-,0,N- CONTROL,none,0
41,B,0.11,E,sten,sten,N-,0,N- CONTROL,none,0
41,A,0.06,F,sten,sten,N-,0,N- CONTROL,none,0
41,B,0.11,F,sten,sten,N-,0,N- CONTROL,none,0
41,B,0.09,C,sal&sten,sal,N+,0,N- CONTROL,none,0
41,B,0.15,C,sten,sten,N-,0,N- CONTROL,none,0
42,A,0.56,A,sal,sal,N+,0,N+ CONTROL,none,0
42,A,0.26,B,sal,sal,N+,0,N+ CONTROL,none,0
42,B,0.46,B,sal,sal,N+,0,N+ CONTROL,none,0
42,A,0.32,C,sal,sal,N+,0,N+ CONTROL,none,0
42,B,0.13,A,sal,sal,N+,0,N+ CONTROL,none,0
42,A,0.46,D,sal,sal,N+,0,N+ CONTROL,none,0
42,B,0.3,D,sal,sal,N+,0,N+ CONTROL,none,0
42,A,0.47,E,sal,sal,N+,0,N+ CONTROL,none,0
42,B,0.14,E,sal,sal,N+,0,N+ CONTROL,none,0
42,A,0.35,F,sal,sal,N+,0,N+ CONTROL,none,0
42,B,0.48,F,sal,sal,N+,0,N+ CONTROL,none,0
42,A,0.81,D,sal&sten,sten,N+,0,N+ CONTROL,none,0
42,B,0.31,D,sal&sten,sal,N+,0,N+ CONTROL,none,0
42,A,0.51,E,sal&sten,sten,N+,0,N+ CONTROL,none,0
42,B,0.39,E,sal&sten,sal,N+,0,N+ CONTROL,none,0
42,A,0.48,F,sal&sten,sten,N+,0,N+ CONTROL,none,0
42,B,0.55,F,sal&sten,sal,N+,2,N+ CONTROL,none,0
42,B,0.24,C,sal,sal,N+,0,N+ CONTROL,none,0
42,A,0.59,A,sal&sten,sten,N+,1,N+ CONTROL,none,0
42,B,0.29,A,sal&sten,sal,N+,0,N+ CONTROL,none,0
42,A,0.62,B,sal&sten,sten,N+,0,N+ CONTROL,none,0
42,B,0.49,B,sal&sten,sal,N+,2,N+ CONTROL,none,0
42,A,0.52,C,sal&sten,sten,N+,0,N+ CONTROL,none,0
42,B,0.38,C,sal&sten,sal,1,0,N+ CONTROL,none,0
42,A,0.45,A,sten,sten,N+,0,N+ CONTROL,none,0
42,B,0.53,A,sten,sten,N+,0,N+ CONTROL,none,0
42,A,0.65,B,sten,sten,N+,0,N+ CONTROL,none,0
42,B,0.77,B,sten,sten,N+,0,N+ CONTROL,none,0
42,A,0.6,C,sten,sten,N+,0,N+ CONTROL,none,0
42,B,0.68,C,sten,sten,N+,0,N+ CONTROL,none,0
42,A,0.28,D,sten,sten,N+,0,N+ CONTROL,none,0
42,B,0.47,D,sten,sten,N+,0,N+ CONTROL,none,0
42,A,0.7,E,sten,sten,N+,0,N+ CONTROL,none,0
42,B,0.42,E,sten,sten,N+,0,N+ CONTROL,none,0
42,A,0.28,F,sten,sten,N+,1,N+ CONTROL,none,0
42,B,0.78,F,sten,sten,N+,0,N+ CONTROL,none,0
5,B,0.12,C,sten,sten,1,2,B1,meso,1
5,A,0.14,D,sten,sten,1,1,B1,meso,1
5,B,0.1,D,sten,sten,1,1,B1,meso,1
5,A,0.08,C,sten,sten,1,2,B1,meso,1
5,B,0.14,E,sten,sten,1,1,B1,meso,1
5,A,0.06,F,sten,sten,1,1,B1,meso,1
5,B,0.07,F,sten,sten,1,1,B1,meso,1
5,A,0.12,E,sal,sal,1,1,B1,meso,1
5,B,0.05,E,sal,sal,1,0,B1,meso,1
5,B,0.06,C,sal&sten,sal,1,1,B1,meso,1
5,A,0.06,D,sal&sten,sten,1,1,B1,meso,1
5,B,0.08,D,sal&sten,sal,1,0,B1,meso,1
5,A,0.06,E,sal&sten,sten,1,1,B1,meso,1
5,B,0.2,E,sal&sten,sal,1,1,B1,meso,1
5,A,0.09,F,sal&sten,sten,1,1,B1,meso,1
5,B,0.07,F,sal&sten,sal,1,0,B1,meso,1
5,A,0.09,E,sten,sten,1,1,B1,meso,1
5,A,0.09,A,sal&sten,sten,1,1,B1,meso,1
5,B,0.08,A,sal&sten,sal,1,1,B1,meso,1
5,A,0.08,B,sal&sten,sten,1,1,B1,meso,1
5,B,0.05,B,sal&sten,sal,1,1,B1,meso,1
5,A,0.09,C,sal&sten,sten,1,1,B1,meso,1
5,A,0.16,A,sten,sten,1,1,B1,meso,1
5,B,0.16,A,sten,sten,1,2,B1,meso,1
5,A,0.1,B,sten,sten,1,1,B1,meso,1
5,B,0.14,B,sten,sten,1,1,B1,meso,1
5,A,0.08,A,sal,sal,1,1,B1,meso,1
5,B,0.06,A,sal,sal,1,1,B1,meso,1
5,A,0.06,B,sal,sal,1,1,B1,meso,1
5,B,0.06,B,sal,sal,1,1,B1,meso,1
5,A,0.0566,C,sal,sal,1,1,B1,meso,1
5,B,0.0643,C,sal,sal,1,3,B1,meso,1
5,A,0.07,D,sal,sal,1,0,B1,meso,1
5,B,0.05,D,sal,sal,1,2,B1,meso,1
5,A,0.05,F,sal,sal,1,1,B1,meso,1
5,B,0.07,F,sal,sal,1,0,B1,meso,1
6,A,0.15,A,sten,sten,1,0,B2,meso,1
6,B,0.2,A,sten,sten,1,0,B2,meso,1
6,A,0.1,C,sten,sten,1,0,B2,meso,1
6,B,0.11,C,sten,sten,1,0,B2,meso,1
6,A,0.13,D,sten,sten,1,0,B2,meso,1
6,B,0.14,D,sten,sten,1,0,B2,meso,1
6,A,0.12,E,sten,sten,1,0,B2,meso,1
6,B,0.15,E,sten,sten,1,0,B2,meso,1
6,A,0.11,F,sten,sten,1,0,B2,meso,1
6,B,0.14,F,sten,sten,1,0,B2,meso,1
6,A,0.17,E,sal,sal,1,0,B2,meso,1
6,B,0.03,E,sal,sal,1,0,B2,meso,1
6,A,0.02,F,sal,sal,1,0,B2,meso,1
6,B,0.07,F,sal,sal,1,2,B2,meso,1
6,B,0.1,D,sal&sten,sal,1,0,B2,meso,1
6,A,0.11,E,sal&sten,sten,1,0,B2,meso,1
6,B,0.12,E,sal&sten,sal,1,0,B2,meso,1
6,A,0.08,F,sal&sten,sten,1,0,B2,meso,1
6,B,0.09,F,sal&sten,sal,1,0,B2,meso,1
6,B,0.68,B,sal,sal,1,3,B2,meso,1
6,A,0.14,A,sal&sten,sten,1,0,B2,meso,1
6,B,0.06,A,sal&sten,sal,1,0,B2,meso,1
6,A,0.13,B,sal&sten,sten,1,0,B2,meso,1
6,B,0.08,B,sal&sten,sal,1,0,B2,meso,1
6,A,0.18,C,sal&sten,sten,1,0,B2,meso,1
6,B,0.06,C,sal&sten,sal,1,0,B2,meso,1
6,A,0.14,D,sal&sten,sten,1,0,B2,meso,1
6,A,0.15,B,sten,sten,1,0,B2,meso,1
6,B,0.23,B,sten,sten,1,0,B2,meso,1
6,A,0.1,A,sal,sal,1,0,B2,meso,1
6,B,0.1,A,sal,sal,1,0,B2,meso,1
6,A,0.0375,B,sal,sal,1,0,B2,meso,1
6,B,0.09,D,sal,sal,1,0,B2,meso,1
6,A,0.11,C,sal,sal,1,0,B2,meso,1
6,B,0.08,C,sal,sal,1,0,B2,meso,1
6,A,0.12,D,sal,sal,1,0,B2,meso,1
7,B,0.15,E,sten,sten,1,0,B3,meso,1
7,B,0.11,C,sal&sten,sal,1,0,B3,meso,1
7,A,0.16,D,sal&sten,sten,1,0,B3,meso,1
7,B,0.14,D,sal&sten,sal,1,0,B3,meso,1
7,A,0.37,C,sten,sten,1,2,B3,meso,1
7,B,0.9,C,sten,sten,1,2,B3,meso,1
7,A,0.09,D,sten,sten,1,0,B3,meso,1
7,B,0.06,D,sten,sten,1,0,B3,meso,1
7,A,0.08,E,sten,sten,1,0,B3,meso,1
7,A,0.07,A,sal&sten,sten,1,0,B3,meso,1
7,B,0.06,A,sal&sten,sal,1,0,B3,meso,1
7,A,0.14,B,sal&sten,sten,1,0,B3,meso,1
7,B,0.13,B,sal&sten,sal,1,1,B3,meso,1
7,A,0.28,C,sal&sten,sten,1,0,B3,meso,1
7,A,0.18,A,sten,sten,1,0,B3,meso,1
7,B,0.22,A,sten,sten,1,0,B3,meso,1
7,A,0.26,B,sten,sten,1,0,B3,meso,1
7,B,0.19,B,sten,sten,1,0,B3,meso,1
7,A,0.1,A,sal,sal,1,0,B3,meso,1
7,B,0.1,A,sal,sal,1,0,B3,meso,1
7,A,0.08,B,sal,sal,1,0,B3,meso,1
7,B,0.09,B,sal,sal,1,0,B3,meso,1
7,A,0.0825,C,sal,sal,1,0,B3,meso,1
7,B,0.0586,C,sal,sal,1,0,B3,meso,1
7,A,0.15,F,sten,sten,1,0,B3,meso,1
7,B,0.15,F,sten,sten,1,0,B3,meso,1
7,A,0.2,E,sal,sal,1,0,B3,meso,1
7,B,0.09,E,sal,sal,1,0,B3,meso,1
7,A,0.13,F,sal,sal,1,0,B3,meso,1
7,B,0.02,F,sal,sal,1,0,B3,meso,1
7,B,0.35,F,sal&sten,sal,1,0,B3,meso,1
7,A,0.11,E,sal&sten,sten,1,0,B3,meso,1
7,B,0.05,E,sal&sten,sal,1,0,B3,meso,1
7,A,0.22,F,sal&sten,sten,1,0,B3,meso,1
7,A,0.08,D,sal,sal,1,1,B3,meso,1
7,B,0.1,D,sal,sal,1,1,B3,meso,1
8,A,0.18,F,sten,sten,1,0,B4,meso,1
8,B,0.1,F,sten,sten,1,0,B4,meso,1
8,A,0.065,C,sten,sten,1,0,B4,meso,1
8,B,0.06,E,sten,sten,1,0,B4,meso,1
8,A,0.08,F,sal,sal,1,1,B4,meso,1
8,B,0.12,F,sal,sal,1,1,B4,meso,1
8,B,0.08,D,sal&sten,sal,1,0,B4,meso,1
8,A,0.18,E,sal&sten,sten,1,0,B4,meso,1
8,B,0.1,C,sten,sten,1,0,B4,meso,1
8,A,0.15,D,sten,sten,1,0,B4,meso,1
8,B,0.1,D,sten,sten,1,0,B4,meso,1
8,A,0.43,E,sten,sten,1,2,B4,meso,1
8,A,0.16,A,sal&sten,sten,1,0,B4,meso,1
8,B,0.08,A,sal&sten,sal,1,0,B4,meso,1
8,A,0.12,B,sal&sten,sten,1,0,B4,meso,1
8,A,0.06,E,sal,sal,1,0,B4,meso,1
8,B,0.11,E,sal,sal,1,0,B4,meso,1
8,B,0.1,C,sal&sten,sal,1,0,B4,meso,1
8,A,0.35,D,sal&sten,sten,1,2,B4,meso,1
8,A,0.12,B,sten,sten,1,0,B4,meso,1
8,B,0.26,B,sten,sten,1,1,B4,meso,1
8,B,0.08,E,sal&sten,sal,1,0,B4,meso,1
8,A,0.11,F,sal&sten,sten,1,3,B4,meso,1
8,B,0.04,F,sal&sten,sal,1,2,B4,meso,1
8,B,0.07,B,sal,sal,1,0,B4,meso,1
8,A,0.0355,C,sal,sal,1,0,B4,meso,1
8,B,0.07,C,sal,sal,1,0,B4,meso,1
8,A,0.0606,D,sal,sal,1,0,B4,meso,1
8,B,0.1,B,sal&sten,sal,1,0,B4,meso,1
8,A,0.11,C,sal&sten,sten,1,0,B4,meso,1
8,A,0.2,A,sten,sten,1,0,B4,meso,1
8,B,0.13,A,sten,sten,1,0,B4,meso,1
8,A,0.07,B,sal,sal,1,0,B4,meso,1
8,B,0.04,D,sal,sal,1,0,B4,meso,1
8,A,0.11,A,sal,sal,1,0,B4,meso,1
8,B,0.08,A,sal,sal,1,0,B4,meso,1
9,A,5.09,C,sten,sten,1,5,C1,rhizo,1
9,B,2.02,C,sten,sten,1,5,C1,rhizo,1
9,B,2.62,A,sal&sten,sal,1,5,C1,rhizo,1
9,A,3.13,B,sal&sten,sten,1,4,C1,rhizo,1
9,B,3.59,B,sal&sten,sal,1,5,C1,rhizo,1
9,A,2.38,A,sal&sten,sten,1,5,C1,rhizo,1
9,A,2.97,A,sten,sten,1,5,C1,rhizo,1
9,B,2.79,A,sten,sten,1,5,C1,rhizo,1
9,A,3.47,B,sten,sten,1,5,C1,rhizo,1
9,B,2.82,B,sten,sten,1,5,C1,rhizo,1
9,A,1.4,A,sal,sal,1,3,C1,rhizo,1
9,B,1.26,A,sal,sal,1,3,C1,rhizo,1
9,A,3.32,B,sal,sal,1,4,C1,rhizo,1
9,A,1.8,D,sten,sten,1,4,C1,rhizo,1
9,B,3.18,D,sten,sten,1,5,C1,rhizo,1
9,A,2.31,E,sten,sten,1,4,C1,rhizo,1
9,B,2.63,E,sten,sten,1,4,C1,rhizo,1
9,A,1.56,F,sten,sten,1,5,C1,rhizo,1
9,B,2.08,F,sten,sten,1,5,C1,rhizo,1
9,B,2.87,E,sal,sal,1,5,C1,rhizo,1
9,A,3.12,F,sal,sal,1,5,C1,rhizo,1
9,B,2.33,F,sal,sal,1,4,C1,rhizo,1
9,B,5.13,D,sal&sten,sal,1,4,C1,rhizo,1
9,A,1.49,E,sal&sten,sten,1,4,C1,rhizo,1
9,B,2.55,E,sal&sten,sal,1,5,C1,rhizo,1
9,A,2.42,F,sal&sten,sten,1,4,C1,rhizo,1
9,B,2.13,F,sal&sten,sal,1,4,C1,rhizo,1
9,B,1.72,B,sal,sal,1,4,C1,rhizo,1
9,A,3.2,C,sal,sal,1,2,C1,rhizo,1
9,B,0.67,C,sal,sal,1,2,C1,rhizo,1
9,A,3.77,D,sal,sal,1,5,C1,rhizo,1
9,B,2.61,D,sal,sal,1,4,C1,rhizo,1
9,A,4.5,C,sal&sten,sten,1,5,C1,rhizo,1
9,B,1.57,C,sal&sten,sal,1,2,C1,rhizo,1
9,A,1.8,D,sal&sten,sten,1,4,C1,rhizo,1
9,A,1.33,E,sal,sal,1,4,C1,rhizo,1
